"","doy","2001","2002","2003","2004","2005","2006","2007","2008","2009","2010","2011","2012","2013","2014","2015","2016"
"1",1,NA,1882.4798500113,2716.1581804541,1922.091834263,NA,1921.5876089061,NA,NA,2263.88224808112,NA,NA,2383.09625305729,NA,NA,NA,NA
"2",2,NA,1882.4798500113,2716.1581804541,1922.091834263,NA,1921.5876089061,NA,NA,2263.88224808112,NA,NA,2383.09625305729,NA,NA,NA,NA
"3",3,NA,1882.4798500113,2716.1581804541,1922.091834263,NA,1921.5876089061,NA,NA,2263.88224808112,NA,NA,2383.09625305729,NA,NA,NA,NA
"4",4,NA,1882.4798500113,2716.1581804541,1922.091834263,NA,1921.5876089061,NA,NA,2263.88224808112,NA,NA,2383.09625305729,NA,NA,NA,NA
"5",5,NA,1882.4798500113,2716.1581804541,1922.091834263,NA,1921.5876089061,NA,NA,2263.88224808112,NA,NA,2383.09625305729,NA,NA,NA,NA
"6",6,NA,1882.4798500113,2716.1581804541,1922.091834263,NA,1921.5876089061,NA,NA,2263.88224808112,NA,NA,2383.09625305729,NA,NA,NA,NA
"7",7,NA,1882.4798500113,2716.1581804541,1922.091834263,NA,1921.5876089061,NA,NA,2263.88224808112,NA,NA,2383.09625305729,NA,NA,NA,NA
"8",8,NA,1882.4798500113,2716.1581804541,1922.091834263,NA,1921.5876089061,NA,NA,2263.88224808112,NA,NA,2383.09625305729,NA,NA,NA,NA
"9",9,NA,1901.42488095247,2467.50338445112,1900.14349855141,NA,1956.81511470985,1979.36319084444,NA,NA,NA,NA,2206.56588429202,NA,2208.27265402852,2620.8734560738,NA
"10",10,NA,1901.42488095247,2467.50338445112,1900.14349855141,NA,1956.81511470985,1979.36319084444,NA,NA,NA,NA,2206.56588429202,NA,2208.27265402852,2620.8734560738,NA
"11",11,NA,1901.42488095247,2467.50338445112,1900.14349855141,NA,1956.81511470985,1979.36319084444,NA,NA,NA,NA,2206.56588429202,NA,2208.27265402852,2620.8734560738,NA
"12",12,NA,1901.42488095247,2467.50338445112,1900.14349855141,NA,1956.81511470985,1979.36319084444,NA,NA,NA,NA,2206.56588429202,NA,2208.27265402852,2620.8734560738,NA
"13",13,NA,1901.42488095247,2467.50338445112,1900.14349855141,NA,1956.81511470985,1979.36319084444,NA,NA,NA,NA,2206.56588429202,NA,2208.27265402852,2620.8734560738,NA
"14",14,NA,1901.42488095247,2467.50338445112,1900.14349855141,NA,1956.81511470985,1979.36319084444,NA,NA,NA,NA,2206.56588429202,NA,2208.27265402852,2620.8734560738,NA
"15",15,NA,1901.42488095247,2467.50338445112,1900.14349855141,NA,1956.81511470985,1979.36319084444,NA,NA,NA,NA,2206.56588429202,NA,2208.27265402852,2620.8734560738,NA
"16",16,NA,1901.42488095247,2467.50338445112,1900.14349855141,NA,1956.81511470985,1979.36319084444,NA,NA,NA,NA,2206.56588429202,NA,2208.27265402852,2620.8734560738,NA
"17",17,2520.64519205423,1984.95563673125,NA,1880.68931742199,NA,2012.87447387967,NA,NA,2313.32329900179,NA,NA,1924.49355432781,2273.23407211089,1912.54836444535,2480.44378673765,NA
"18",18,2520.64519205423,1984.95563673125,NA,1880.68931742199,NA,2012.87447387967,NA,NA,2313.32329900179,NA,NA,1924.49355432781,2273.23407211089,1912.54836444535,2480.44378673765,NA
"19",19,2520.64519205423,1984.95563673125,NA,1880.68931742199,NA,2012.87447387967,NA,NA,2313.32329900179,NA,NA,1924.49355432781,2273.23407211089,1912.54836444535,2480.44378673765,NA
"20",20,2520.64519205423,1984.95563673125,NA,1880.68931742199,NA,2012.87447387967,NA,NA,2313.32329900179,NA,NA,1924.49355432781,2273.23407211089,1912.54836444535,2480.44378673765,NA
"21",21,2520.64519205423,1984.95563673125,NA,1880.68931742199,NA,2012.87447387967,NA,NA,2313.32329900179,NA,NA,1924.49355432781,2273.23407211089,1912.54836444535,2480.44378673765,NA
"22",22,2520.64519205423,1984.95563673125,NA,1880.68931742199,NA,2012.87447387967,NA,NA,2313.32329900179,NA,NA,1924.49355432781,2273.23407211089,1912.54836444535,2480.44378673765,NA
"23",23,2520.64519205423,1984.95563673125,NA,1880.68931742199,NA,2012.87447387967,NA,NA,2313.32329900179,NA,NA,1924.49355432781,2273.23407211089,1912.54836444535,2480.44378673765,NA
"24",24,2520.64519205423,1984.95563673125,NA,1880.68931742199,NA,2012.87447387967,NA,NA,2313.32329900179,NA,NA,1924.49355432781,2273.23407211089,1912.54836444535,2480.44378673765,NA
"25",25,NA,1960.12249275702,NA,NA,NA,2025.46569205376,NA,NA,2173.82019372301,NA,NA,2291.08150173359,2283.39765636752,2218.31148951931,2442.38657128416,NA
"26",26,NA,1960.12249275702,NA,NA,NA,2025.46569205376,NA,NA,2173.82019372301,NA,NA,2291.08150173359,2283.39765636752,2218.31148951931,2442.38657128416,NA
"27",27,NA,1960.12249275702,NA,NA,NA,2025.46569205376,NA,NA,2173.82019372301,NA,NA,2291.08150173359,2283.39765636752,2218.31148951931,2442.38657128416,NA
"28",28,NA,1960.12249275702,NA,NA,NA,2025.46569205376,NA,NA,2173.82019372301,NA,NA,2291.08150173359,2283.39765636752,2218.31148951931,2442.38657128416,NA
"29",29,NA,1960.12249275702,NA,NA,NA,2025.46569205376,NA,NA,2173.82019372301,NA,NA,2291.08150173359,2283.39765636752,2218.31148951931,2442.38657128416,NA
"30",30,NA,1960.12249275702,NA,NA,NA,2025.46569205376,NA,NA,2173.82019372301,NA,NA,2291.08150173359,2283.39765636752,2218.31148951931,2442.38657128416,NA
"31",31,NA,1960.12249275702,NA,NA,NA,2025.46569205376,NA,NA,2173.82019372301,NA,NA,2291.08150173359,2283.39765636752,2218.31148951931,2442.38657128416,NA
"32",32,NA,1960.12249275702,NA,NA,NA,2025.46569205376,NA,NA,2173.82019372301,NA,NA,2291.08150173359,2283.39765636752,2218.31148951931,2442.38657128416,NA
"33",33,NA,NA,NA,NA,2341.16609892252,2025.19832011199,NA,NA,2172.46280397184,NA,NA,NA,NA,NA,NA,NA
"34",34,NA,NA,NA,NA,2341.16609892252,2025.19832011199,NA,NA,2172.46280397184,NA,NA,NA,NA,NA,NA,NA
"35",35,NA,NA,NA,NA,2341.16609892252,2025.19832011199,NA,NA,2172.46280397184,NA,NA,NA,NA,NA,NA,NA
"36",36,NA,NA,NA,NA,2341.16609892252,2025.19832011199,NA,NA,2172.46280397184,NA,NA,NA,NA,NA,NA,NA
"37",37,NA,NA,NA,NA,2341.16609892252,2025.19832011199,NA,NA,2172.46280397184,NA,NA,NA,NA,NA,NA,NA
"38",38,NA,NA,NA,NA,2341.16609892252,2025.19832011199,NA,NA,2172.46280397184,NA,NA,NA,NA,NA,NA,NA
"39",39,NA,NA,NA,NA,2341.16609892252,2025.19832011199,NA,NA,2172.46280397184,NA,NA,NA,NA,NA,NA,NA
"40",40,NA,NA,NA,NA,2341.16609892252,2025.19832011199,NA,NA,2172.46280397184,NA,NA,NA,NA,NA,NA,NA
"41",41,NA,1969.10394199084,2209.28869353882,NA,2609.65969232855,2016.48085312651,NA,NA,2373.41757410867,NA,2283.08205992049,NA,2513.66544917251,2211.31593350627,NA,NA
"42",42,NA,1969.10394199084,2209.28869353882,NA,2609.65969232855,2016.48085312651,NA,NA,2373.41757410867,NA,2283.08205992049,NA,2513.66544917251,2211.31593350627,NA,NA
"43",43,NA,1969.10394199084,2209.28869353882,NA,2609.65969232855,2016.48085312651,NA,NA,2373.41757410867,NA,2283.08205992049,NA,2513.66544917251,2211.31593350627,NA,NA
"44",44,NA,1969.10394199084,2209.28869353882,NA,2609.65969232855,2016.48085312651,NA,NA,2373.41757410867,NA,2283.08205992049,NA,2513.66544917251,2211.31593350627,NA,NA
"45",45,NA,1969.10394199084,2209.28869353882,NA,2609.65969232855,2016.48085312651,NA,NA,2373.41757410867,NA,2283.08205992049,NA,2513.66544917251,2211.31593350627,NA,NA
"46",46,NA,1969.10394199084,2209.28869353882,NA,2609.65969232855,2016.48085312651,NA,NA,2373.41757410867,NA,2283.08205992049,NA,2513.66544917251,2211.31593350627,NA,NA
"47",47,NA,1969.10394199084,2209.28869353882,NA,2609.65969232855,2016.48085312651,NA,NA,2373.41757410867,NA,2283.08205992049,NA,2513.66544917251,2211.31593350627,NA,NA
"48",48,NA,1969.10394199084,2209.28869353882,NA,2609.65969232855,2016.48085312651,NA,NA,2373.41757410867,NA,2283.08205992049,NA,2513.66544917251,2211.31593350627,NA,NA
"49",49,NA,2067.93131351993,2303.9797506695,NA,2255.24447013585,2029.40521274226,2332.30004752337,NA,2242.45607885628,NA,2374.87289886222,2387.95084379335,2521.33391821177,2270.09149806726,NA,NA
"50",50,NA,2067.93131351993,2303.9797506695,NA,2255.24447013585,2029.40521274226,2332.30004752337,NA,2242.45607885628,NA,2374.87289886222,2387.95084379335,2521.33391821177,2270.09149806726,NA,NA
"51",51,NA,2067.93131351993,2303.9797506695,NA,2255.24447013585,2029.40521274226,2332.30004752337,NA,2242.45607885628,NA,2374.87289886222,2387.95084379335,2521.33391821177,2270.09149806726,NA,NA
"52",52,NA,2067.93131351993,2303.9797506695,NA,2255.24447013585,2029.40521274226,2332.30004752337,NA,2242.45607885628,NA,2374.87289886222,2387.95084379335,2521.33391821177,2270.09149806726,NA,NA
"53",53,NA,2067.93131351993,2303.9797506695,NA,2255.24447013585,2029.40521274226,2332.30004752337,NA,2242.45607885628,NA,2374.87289886222,2387.95084379335,2521.33391821177,2270.09149806726,NA,NA
"54",54,NA,2067.93131351993,2303.9797506695,NA,2255.24447013585,2029.40521274226,2332.30004752337,NA,2242.45607885628,NA,2374.87289886222,2387.95084379335,2521.33391821177,2270.09149806726,NA,NA
"55",55,NA,2067.93131351993,2303.9797506695,NA,2255.24447013585,2029.40521274226,2332.30004752337,NA,2242.45607885628,NA,2374.87289886222,2387.95084379335,2521.33391821177,2270.09149806726,NA,NA
"56",56,NA,2067.93131351993,2303.9797506695,NA,2255.24447013585,2029.40521274226,2332.30004752337,NA,2242.45607885628,NA,2374.87289886222,2387.95084379335,2521.33391821177,2270.09149806726,NA,NA
"57",57,NA,1816.20906737425,2276.83345880361,NA,2435.6255801912,2106.34884253954,NA,2520.69986480192,NA,NA,2498.37371579054,2431.01182654402,NA,2235.37532604136,2151.73701721243,2125.1094082132
"58",58,NA,1816.20906737425,2276.83345880361,NA,2435.6255801912,2106.34884253954,NA,2520.69986480192,NA,NA,2498.37371579054,2431.01182654402,NA,2235.37532604136,2151.73701721243,2125.1094082132
"59",59,NA,1816.20906737425,2276.83345880361,NA,2435.6255801912,2106.34884253954,NA,2520.69986480192,NA,NA,2498.37371579054,2431.01182654402,NA,2235.37532604136,2151.73701721243,2125.1094082132
"60",60,NA,1816.20906737425,2276.83345880361,NA,2435.6255801912,2106.34884253954,NA,2520.69986480192,NA,NA,2498.37371579054,2431.01182654402,NA,2235.37532604136,2151.73701721243,2125.1094082132
"61",61,NA,1816.20906737425,2276.83345880361,NA,2435.6255801912,2106.34884253954,NA,2520.69986480192,NA,NA,2498.37371579054,2431.01182654402,NA,2235.37532604136,2151.73701721243,2125.1094082132
"62",62,NA,1816.20906737425,2276.83345880361,NA,2435.6255801912,2106.34884253954,NA,2520.69986480192,NA,NA,2498.37371579054,2431.01182654402,NA,2235.37532604136,2151.73701721243,2125.1094082132
"63",63,NA,1816.20906737425,2276.83345880361,NA,2435.6255801912,2106.34884253954,NA,2520.69986480192,NA,NA,2498.37371579054,2431.01182654402,NA,2235.37532604136,2151.73701721243,2125.1094082132
"64",64,NA,1816.20906737425,2276.83345880361,NA,2435.6255801912,2106.34884253954,NA,2520.69986480192,NA,NA,2498.37371579054,2431.01182654402,NA,2235.37532604136,2151.73701721243,2125.1094082132
"65",65,2446.5580133139,2020.3876946436,2247.38892597913,1932.29872978163,2760.00434161761,2072.69381182425,1963.91578300292,2316.62461227726,NA,NA,2521.04725856952,2339.34467868936,NA,2158.67419563245,2260.75970689801,2180.07785650116
"66",66,2446.5580133139,2020.3876946436,2247.38892597913,1932.29872978163,2760.00434161761,2072.69381182425,1963.91578300292,2316.62461227726,NA,NA,2521.04725856952,2339.34467868936,NA,2158.67419563245,2260.75970689801,2180.07785650116
"67",67,2446.5580133139,2020.3876946436,2247.38892597913,1932.29872978163,2760.00434161761,2072.69381182425,1963.91578300292,2316.62461227726,NA,NA,2521.04725856952,2339.34467868936,NA,2158.67419563245,2260.75970689801,2180.07785650116
"68",68,2446.5580133139,2020.3876946436,2247.38892597913,1932.29872978163,2760.00434161761,2072.69381182425,1963.91578300292,2316.62461227726,NA,NA,2521.04725856952,2339.34467868936,NA,2158.67419563245,2260.75970689801,2180.07785650116
"69",69,2446.5580133139,2020.3876946436,2247.38892597913,1932.29872978163,2760.00434161761,2072.69381182425,1963.91578300292,2316.62461227726,NA,NA,2521.04725856952,2339.34467868936,NA,2158.67419563245,2260.75970689801,2180.07785650116
"70",70,2446.5580133139,2020.3876946436,2247.38892597913,1932.29872978163,2760.00434161761,2072.69381182425,1963.91578300292,2316.62461227726,NA,NA,2521.04725856952,2339.34467868936,NA,2158.67419563245,2260.75970689801,2180.07785650116
"71",71,2446.5580133139,2020.3876946436,2247.38892597913,1932.29872978163,2760.00434161761,2072.69381182425,1963.91578300292,2316.62461227726,NA,NA,2521.04725856952,2339.34467868936,NA,2158.67419563245,2260.75970689801,2180.07785650116
"72",72,2446.5580133139,2020.3876946436,2247.38892597913,1932.29872978163,2760.00434161761,2072.69381182425,1963.91578300292,2316.62461227726,NA,NA,2521.04725856952,2339.34467868936,NA,2158.67419563245,2260.75970689801,2180.07785650116
"73",73,2627.17320893758,NA,2320.76643304219,2275.03602908883,2498.90883773704,2069.66178697627,2298.77545372351,2435.31805013995,2395.40499144778,2219.27966101695,2480.31396699131,2562.84333431931,2489.56768517148,2159.99349360818,2282.59694844858,2789.11263182932
"74",74,2627.17320893758,NA,2320.76643304219,2275.03602908883,2498.90883773704,2069.66178697627,2298.77545372351,2435.31805013995,2395.40499144778,2219.27966101695,2480.31396699131,2562.84333431931,2489.56768517148,2159.99349360818,2282.59694844858,2789.11263182932
"75",75,2627.17320893758,NA,2320.76643304219,2275.03602908883,2498.90883773704,2069.66178697627,2298.77545372351,2435.31805013995,2395.40499144778,2219.27966101695,2480.31396699131,2562.84333431931,2489.56768517148,2159.99349360818,2282.59694844858,2789.11263182932
"76",76,2627.17320893758,NA,2320.76643304219,2275.03602908883,2498.90883773704,2069.66178697627,2298.77545372351,2435.31805013995,2395.40499144778,2219.27966101695,2480.31396699131,2562.84333431931,2489.56768517148,2159.99349360818,2282.59694844858,2789.11263182932
"77",77,2627.17320893758,NA,2320.76643304219,2275.03602908883,2498.90883773704,2069.66178697627,2298.77545372351,2435.31805013995,2395.40499144778,2219.27966101695,2480.31396699131,2562.84333431931,2489.56768517148,2159.99349360818,2282.59694844858,2789.11263182932
"78",78,2627.17320893758,NA,2320.76643304219,2275.03602908883,2498.90883773704,2069.66178697627,2298.77545372351,2435.31805013995,2395.40499144778,2219.27966101695,2480.31396699131,2562.84333431931,2489.56768517148,2159.99349360818,2282.59694844858,2789.11263182932
"79",79,2627.17320893758,NA,2320.76643304219,2275.03602908883,2498.90883773704,2069.66178697627,2298.77545372351,2435.31805013995,2395.40499144778,2219.27966101695,2480.31396699131,2562.84333431931,2489.56768517148,2159.99349360818,2282.59694844858,2789.11263182932
"80",80,2627.17320893758,NA,2320.76643304219,2275.03602908883,2498.90883773704,2069.66178697627,2298.77545372351,2435.31805013995,2395.40499144778,2219.27966101695,2480.31396699131,2562.84333431931,2489.56768517148,2159.99349360818,2282.59694844858,2789.11263182932
"81",81,2678.54987849067,2150.91102199337,2655.54760815303,2123.9898195967,3008.19717966576,NA,2794.52823216639,2632.98583266506,2640.2204535226,NA,NA,3072.89867511308,2515.36679509594,NA,2528.68265248881,2698.30920404986
"82",82,2678.54987849067,2150.91102199337,2655.54760815303,2123.9898195967,3008.19717966576,NA,2794.52823216639,2632.98583266506,2640.2204535226,NA,NA,3072.89867511308,2515.36679509594,NA,2528.68265248881,2698.30920404986
"83",83,2678.54987849067,2150.91102199337,2655.54760815303,2123.9898195967,3008.19717966576,NA,2794.52823216639,2632.98583266506,2640.2204535226,NA,NA,3072.89867511308,2515.36679509594,NA,2528.68265248881,2698.30920404986
"84",84,2678.54987849067,2150.91102199337,2655.54760815303,2123.9898195967,3008.19717966576,NA,2794.52823216639,2632.98583266506,2640.2204535226,NA,NA,3072.89867511308,2515.36679509594,NA,2528.68265248881,2698.30920404986
"85",85,2678.54987849067,2150.91102199337,2655.54760815303,2123.9898195967,3008.19717966576,NA,2794.52823216639,2632.98583266506,2640.2204535226,NA,NA,3072.89867511308,2515.36679509594,NA,2528.68265248881,2698.30920404986
"86",86,2678.54987849067,2150.91102199337,2655.54760815303,2123.9898195967,3008.19717966576,NA,2794.52823216639,2632.98583266506,2640.2204535226,NA,NA,3072.89867511308,2515.36679509594,NA,2528.68265248881,2698.30920404986
"87",87,2678.54987849067,2150.91102199337,2655.54760815303,2123.9898195967,3008.19717966576,NA,2794.52823216639,2632.98583266506,2640.2204535226,NA,NA,3072.89867511308,2515.36679509594,NA,2528.68265248881,2698.30920404986
"88",88,2678.54987849067,2150.91102199337,2655.54760815303,2123.9898195967,3008.19717966576,NA,2794.52823216639,2632.98583266506,2640.2204535226,NA,NA,3072.89867511308,2515.36679509594,NA,2528.68265248881,2698.30920404986
"89",89,NA,1974.34421629538,3139.57233667571,2497.97158984905,3155.04471790105,2146.70428314953,3469.78063538985,2679.75734600451,2510.70946868902,NA,2754.67899536199,3372.67322185887,2683.17240848806,NA,2676.34394028709,2315.43123697902
"90",90,NA,1974.34421629538,3139.57233667571,2497.97158984905,3155.04471790105,2146.70428314953,3469.78063538985,2679.75734600451,2510.70946868902,NA,2754.67899536199,3372.67322185887,2683.17240848806,NA,2676.34394028709,2315.43123697902
"91",91,NA,1974.34421629538,3139.57233667571,2497.97158984905,3155.04471790105,2146.70428314953,3469.78063538985,2679.75734600451,2510.70946868902,NA,2754.67899536199,3372.67322185887,2683.17240848806,NA,2676.34394028709,2315.43123697902
"92",92,NA,1974.34421629538,3139.57233667571,2497.97158984905,3155.04471790105,2146.70428314953,3469.78063538985,2679.75734600451,2510.70946868902,NA,2754.67899536199,3372.67322185887,2683.17240848806,NA,2676.34394028709,2315.43123697902
"93",93,NA,1974.34421629538,3139.57233667571,2497.97158984905,3155.04471790105,2146.70428314953,3469.78063538985,2679.75734600451,2510.70946868902,NA,2754.67899536199,3372.67322185887,2683.17240848806,NA,2676.34394028709,2315.43123697902
"94",94,NA,1974.34421629538,3139.57233667571,2497.97158984905,3155.04471790105,2146.70428314953,3469.78063538985,2679.75734600451,2510.70946868902,NA,2754.67899536199,3372.67322185887,2683.17240848806,NA,2676.34394028709,2315.43123697902
"95",95,NA,1974.34421629538,3139.57233667571,2497.97158984905,3155.04471790105,2146.70428314953,3469.78063538985,2679.75734600451,2510.70946868902,NA,2754.67899536199,3372.67322185887,2683.17240848806,NA,2676.34394028709,2315.43123697902
"96",96,NA,1974.34421629538,3139.57233667571,2497.97158984905,3155.04471790105,2146.70428314953,3469.78063538985,2679.75734600451,2510.70946868902,NA,2754.67899536199,3372.67322185887,2683.17240848806,NA,2676.34394028709,2315.43123697902
"97",97,3413.07548643887,2406.97609195363,2866.71335822057,3374.7213866639,3235.61331728102,2104.4921875,2977.21977387716,2807.08560052629,2946.32706776597,2474.2796777173,3473.20323613842,3701.48283112844,NA,2337.72691662495,2533.48205580213,2360.30397854269
"98",98,3413.07548643887,2406.97609195363,2866.71335822057,3374.7213866639,3235.61331728102,2104.4921875,2977.21977387716,2807.08560052629,2946.32706776597,2474.2796777173,3473.20323613842,3701.48283112844,NA,2337.72691662495,2533.48205580213,2360.30397854269
"99",99,3413.07548643887,2406.97609195363,2866.71335822057,3374.7213866639,3235.61331728102,2104.4921875,2977.21977387716,2807.08560052629,2946.32706776597,2474.2796777173,3473.20323613842,3701.48283112844,NA,2337.72691662495,2533.48205580213,2360.30397854269
"100",100,3413.07548643887,2406.97609195363,2866.71335822057,3374.7213866639,3235.61331728102,2104.4921875,2977.21977387716,2807.08560052629,2946.32706776597,2474.2796777173,3473.20323613842,3701.48283112844,NA,2337.72691662495,2533.48205580213,2360.30397854269
"101",101,3413.07548643887,2406.97609195363,2866.71335822057,3374.7213866639,3235.61331728102,2104.4921875,2977.21977387716,2807.08560052629,2946.32706776597,2474.2796777173,3473.20323613842,3701.48283112844,NA,2337.72691662495,2533.48205580213,2360.30397854269
"102",102,3413.07548643887,2406.97609195363,2866.71335822057,3374.7213866639,3235.61331728102,2104.4921875,2977.21977387716,2807.08560052629,2946.32706776597,2474.2796777173,3473.20323613842,3701.48283112844,NA,2337.72691662495,2533.48205580213,2360.30397854269
"103",103,3413.07548643887,2406.97609195363,2866.71335822057,3374.7213866639,3235.61331728102,2104.4921875,2977.21977387716,2807.08560052629,2946.32706776597,2474.2796777173,3473.20323613842,3701.48283112844,NA,2337.72691662495,2533.48205580213,2360.30397854269
"104",104,3413.07548643887,2406.97609195363,2866.71335822057,3374.7213866639,3235.61331728102,2104.4921875,2977.21977387716,2807.08560052629,2946.32706776597,2474.2796777173,3473.20323613842,3701.48283112844,NA,2337.72691662495,2533.48205580213,2360.30397854269
"105",105,3403.72230056743,2376.59268077243,3689.87035417081,2411.51104294853,NA,2219.61520412952,2758.77421848873,2623.25923356707,3082.4856066611,3186.43369492601,3859.4996536121,3103.84983138502,2974.1404051118,NA,4047.36760732789,2666.86014874784
"106",106,3403.72230056743,2376.59268077243,3689.87035417081,2411.51104294853,NA,2219.61520412952,2758.77421848873,2623.25923356707,3082.4856066611,3186.43369492601,3859.4996536121,3103.84983138502,2974.1404051118,NA,4047.36760732789,2666.86014874784
"107",107,3403.72230056743,2376.59268077243,3689.87035417081,2411.51104294853,NA,2219.61520412952,2758.77421848873,2623.25923356707,3082.4856066611,3186.43369492601,3859.4996536121,3103.84983138502,2974.1404051118,NA,4047.36760732789,2666.86014874784
"108",108,3403.72230056743,2376.59268077243,3689.87035417081,2411.51104294853,NA,2219.61520412952,2758.77421848873,2623.25923356707,3082.4856066611,3186.43369492601,3859.4996536121,3103.84983138502,2974.1404051118,NA,4047.36760732789,2666.86014874784
"109",109,3403.72230056743,2376.59268077243,3689.87035417081,2411.51104294853,NA,2219.61520412952,2758.77421848873,2623.25923356707,3082.4856066611,3186.43369492601,3859.4996536121,3103.84983138502,2974.1404051118,NA,4047.36760732789,2666.86014874784
"110",110,3403.72230056743,2376.59268077243,3689.87035417081,2411.51104294853,NA,2219.61520412952,2758.77421848873,2623.25923356707,3082.4856066611,3186.43369492601,3859.4996536121,3103.84983138502,2974.1404051118,NA,4047.36760732789,2666.86014874784
"111",111,3403.72230056743,2376.59268077243,3689.87035417081,2411.51104294853,NA,2219.61520412952,2758.77421848873,2623.25923356707,3082.4856066611,3186.43369492601,3859.4996536121,3103.84983138502,2974.1404051118,NA,4047.36760732789,2666.86014874784
"112",112,3403.72230056743,2376.59268077243,3689.87035417081,2411.51104294853,NA,2219.61520412952,2758.77421848873,2623.25923356707,3082.4856066611,3186.43369492601,3859.4996536121,3103.84983138502,2974.1404051118,NA,4047.36760732789,2666.86014874784
"113",113,5066.97618662892,NA,5746.82842145677,2845.24700657606,4111.73739016316,2311.06777181863,2822.36683538202,3891.36172532204,2911.55753362875,3144.59018098891,3588.53412055122,4204.17614909213,2889.56623704733,3272.90463794235,3721.11831665425,3866.89848550839
"114",114,5066.97618662892,NA,5746.82842145677,2845.24700657606,4111.73739016316,2311.06777181863,2822.36683538202,3891.36172532204,2911.55753362875,3144.59018098891,3588.53412055122,4204.17614909213,2889.56623704733,3272.90463794235,3721.11831665425,3866.89848550839
"115",115,5066.97618662892,NA,5746.82842145677,2845.24700657606,4111.73739016316,2311.06777181863,2822.36683538202,3891.36172532204,2911.55753362875,3144.59018098891,3588.53412055122,4204.17614909213,2889.56623704733,3272.90463794235,3721.11831665425,3866.89848550839
"116",116,5066.97618662892,NA,5746.82842145677,2845.24700657606,4111.73739016316,2311.06777181863,2822.36683538202,3891.36172532204,2911.55753362875,3144.59018098891,3588.53412055122,4204.17614909213,2889.56623704733,3272.90463794235,3721.11831665425,3866.89848550839
"117",117,5066.97618662892,NA,5746.82842145677,2845.24700657606,4111.73739016316,2311.06777181863,2822.36683538202,3891.36172532204,2911.55753362875,3144.59018098891,3588.53412055122,4204.17614909213,2889.56623704733,3272.90463794235,3721.11831665425,3866.89848550839
"118",118,5066.97618662892,NA,5746.82842145677,2845.24700657606,4111.73739016316,2311.06777181863,2822.36683538202,3891.36172532204,2911.55753362875,3144.59018098891,3588.53412055122,4204.17614909213,2889.56623704733,3272.90463794235,3721.11831665425,3866.89848550839
"119",119,5066.97618662892,NA,5746.82842145677,2845.24700657606,4111.73739016316,2311.06777181863,2822.36683538202,3891.36172532204,2911.55753362875,3144.59018098891,3588.53412055122,4204.17614909213,2889.56623704733,3272.90463794235,3721.11831665425,3866.89848550839
"120",120,5066.97618662892,NA,5746.82842145677,2845.24700657606,4111.73739016316,2311.06777181863,2822.36683538202,3891.36172532204,2911.55753362875,3144.59018098891,3588.53412055122,4204.17614909213,2889.56623704733,3272.90463794235,3721.11831665425,3866.89848550839
"121",121,4691.07551487414,2369.31910398341,5157.47543489271,2883.26300984529,4309.92565532711,NA,3463.2664701054,3193.41699751389,4136.66391203631,2809.10634366159,3228.61264769273,3409.51490905125,4915.64944982741,2561.06666666667,NA,2429.86535113535
"122",122,4691.07551487414,2369.31910398341,5157.47543489271,2883.26300984529,4309.92565532711,NA,3463.2664701054,3193.41699751389,4136.66391203631,2809.10634366159,3228.61264769273,3409.51490905125,4915.64944982741,2561.06666666667,NA,2429.86535113535
"123",123,4691.07551487414,2369.31910398341,5157.47543489271,2883.26300984529,4309.92565532711,NA,3463.2664701054,3193.41699751389,4136.66391203631,2809.10634366159,3228.61264769273,3409.51490905125,4915.64944982741,2561.06666666667,NA,2429.86535113535
"124",124,4691.07551487414,2369.31910398341,5157.47543489271,2883.26300984529,4309.92565532711,NA,3463.2664701054,3193.41699751389,4136.66391203631,2809.10634366159,3228.61264769273,3409.51490905125,4915.64944982741,2561.06666666667,NA,2429.86535113535
"125",125,4691.07551487414,2369.31910398341,5157.47543489271,2883.26300984529,4309.92565532711,NA,3463.2664701054,3193.41699751389,4136.66391203631,2809.10634366159,3228.61264769273,3409.51490905125,4915.64944982741,2561.06666666667,NA,2429.86535113535
"126",126,4691.07551487414,2369.31910398341,5157.47543489271,2883.26300984529,4309.92565532711,NA,3463.2664701054,3193.41699751389,4136.66391203631,2809.10634366159,3228.61264769273,3409.51490905125,4915.64944982741,2561.06666666667,NA,2429.86535113535
"127",127,4691.07551487414,2369.31910398341,5157.47543489271,2883.26300984529,4309.92565532711,NA,3463.2664701054,3193.41699751389,4136.66391203631,2809.10634366159,3228.61264769273,3409.51490905125,4915.64944982741,2561.06666666667,NA,2429.86535113535
"128",128,4691.07551487414,2369.31910398341,5157.47543489271,2883.26300984529,4309.92565532711,NA,3463.2664701054,3193.41699751389,4136.66391203631,2809.10634366159,3228.61264769273,3409.51490905125,4915.64944982741,2561.06666666667,NA,2429.86535113535
"129",129,6297.04927736673,2372.21825145651,5269.44729180498,3059.80468047915,NA,2306.8340306834,3108.31398777876,4250.29711707311,3383.64691517691,NA,3817.4512565802,2978.11757397535,4564.39754864922,3867.32186732187,4922.82570662104,2728.1656461012
"130",130,6297.04927736673,2372.21825145651,5269.44729180498,3059.80468047915,NA,2306.8340306834,3108.31398777876,4250.29711707311,3383.64691517691,NA,3817.4512565802,2978.11757397535,4564.39754864922,3867.32186732187,4922.82570662104,2728.1656461012
"131",131,6297.04927736673,2372.21825145651,5269.44729180498,3059.80468047915,NA,2306.8340306834,3108.31398777876,4250.29711707311,3383.64691517691,NA,3817.4512565802,2978.11757397535,4564.39754864922,3867.32186732187,4922.82570662104,2728.1656461012
"132",132,6297.04927736673,2372.21825145651,5269.44729180498,3059.80468047915,NA,2306.8340306834,3108.31398777876,4250.29711707311,3383.64691517691,NA,3817.4512565802,2978.11757397535,4564.39754864922,3867.32186732187,4922.82570662104,2728.1656461012
"133",133,6297.04927736673,2372.21825145651,5269.44729180498,3059.80468047915,NA,2306.8340306834,3108.31398777876,4250.29711707311,3383.64691517691,NA,3817.4512565802,2978.11757397535,4564.39754864922,3867.32186732187,4922.82570662104,2728.1656461012
"134",134,6297.04927736673,2372.21825145651,5269.44729180498,3059.80468047915,NA,2306.8340306834,3108.31398777876,4250.29711707311,3383.64691517691,NA,3817.4512565802,2978.11757397535,4564.39754864922,3867.32186732187,4922.82570662104,2728.1656461012
"135",135,6297.04927736673,2372.21825145651,5269.44729180498,3059.80468047915,NA,2306.8340306834,3108.31398777876,4250.29711707311,3383.64691517691,NA,3817.4512565802,2978.11757397535,4564.39754864922,3867.32186732187,4922.82570662104,2728.1656461012
"136",136,6297.04927736673,2372.21825145651,5269.44729180498,3059.80468047915,NA,2306.8340306834,3108.31398777876,4250.29711707311,3383.64691517691,NA,3817.4512565802,2978.11757397535,4564.39754864922,3867.32186732187,4922.82570662104,2728.1656461012
"137",137,NA,2486.04817428786,3404.97114198987,3626.37018433117,4011.71227842013,NA,3248.80063001746,3509.57682686045,3412.93417751919,NA,3831.36344996441,3125.23670841443,NA,2851.49147709676,3288.83713478376,NA
"138",138,NA,2486.04817428786,3404.97114198987,3626.37018433117,4011.71227842013,NA,3248.80063001746,3509.57682686045,3412.93417751919,NA,3831.36344996441,3125.23670841443,NA,2851.49147709676,3288.83713478376,NA
"139",139,NA,2486.04817428786,3404.97114198987,3626.37018433117,4011.71227842013,NA,3248.80063001746,3509.57682686045,3412.93417751919,NA,3831.36344996441,3125.23670841443,NA,2851.49147709676,3288.83713478376,NA
"140",140,NA,2486.04817428786,3404.97114198987,3626.37018433117,4011.71227842013,NA,3248.80063001746,3509.57682686045,3412.93417751919,NA,3831.36344996441,3125.23670841443,NA,2851.49147709676,3288.83713478376,NA
"141",141,NA,2486.04817428786,3404.97114198987,3626.37018433117,4011.71227842013,NA,3248.80063001746,3509.57682686045,3412.93417751919,NA,3831.36344996441,3125.23670841443,NA,2851.49147709676,3288.83713478376,NA
"142",142,NA,2486.04817428786,3404.97114198987,3626.37018433117,4011.71227842013,NA,3248.80063001746,3509.57682686045,3412.93417751919,NA,3831.36344996441,3125.23670841443,NA,2851.49147709676,3288.83713478376,NA
"143",143,NA,2486.04817428786,3404.97114198987,3626.37018433117,4011.71227842013,NA,3248.80063001746,3509.57682686045,3412.93417751919,NA,3831.36344996441,3125.23670841443,NA,2851.49147709676,3288.83713478376,NA
"144",144,NA,2486.04817428786,3404.97114198987,3626.37018433117,4011.71227842013,NA,3248.80063001746,3509.57682686045,3412.93417751919,NA,3831.36344996441,3125.23670841443,NA,2851.49147709676,3288.83713478376,NA
"145",145,5188.65848760206,2304.66725897509,3237.94751405247,3050.59566102657,4066.90653666755,2491.11163782887,NA,4793.40280010683,3486.79244351875,2885.0485770597,4128.34792184352,3847.31299743723,4666.44486792217,3953.63289303287,5032.3429432864,2751.25113429097
"146",146,5188.65848760206,2304.66725897509,3237.94751405247,3050.59566102657,4066.90653666755,2491.11163782887,NA,4793.40280010683,3486.79244351875,2885.0485770597,4128.34792184352,3847.31299743723,4666.44486792217,3953.63289303287,5032.3429432864,2751.25113429097
"147",147,5188.65848760206,2304.66725897509,3237.94751405247,3050.59566102657,4066.90653666755,2491.11163782887,NA,4793.40280010683,3486.79244351875,2885.0485770597,4128.34792184352,3847.31299743723,4666.44486792217,3953.63289303287,5032.3429432864,2751.25113429097
"148",148,5188.65848760206,2304.66725897509,3237.94751405247,3050.59566102657,4066.90653666755,2491.11163782887,NA,4793.40280010683,3486.79244351875,2885.0485770597,4128.34792184352,3847.31299743723,4666.44486792217,3953.63289303287,5032.3429432864,2751.25113429097
"149",149,5188.65848760206,2304.66725897509,3237.94751405247,3050.59566102657,4066.90653666755,2491.11163782887,NA,4793.40280010683,3486.79244351875,2885.0485770597,4128.34792184352,3847.31299743723,4666.44486792217,3953.63289303287,5032.3429432864,2751.25113429097
"150",150,5188.65848760206,2304.66725897509,3237.94751405247,3050.59566102657,4066.90653666755,2491.11163782887,NA,4793.40280010683,3486.79244351875,2885.0485770597,4128.34792184352,3847.31299743723,4666.44486792217,3953.63289303287,5032.3429432864,2751.25113429097
"151",151,5188.65848760206,2304.66725897509,3237.94751405247,3050.59566102657,4066.90653666755,2491.11163782887,NA,4793.40280010683,3486.79244351875,2885.0485770597,4128.34792184352,3847.31299743723,4666.44486792217,3953.63289303287,5032.3429432864,2751.25113429097
"152",152,5188.65848760206,2304.66725897509,3237.94751405247,3050.59566102657,4066.90653666755,2491.11163782887,NA,4793.40280010683,3486.79244351875,2885.0485770597,4128.34792184352,3847.31299743723,4666.44486792217,3953.63289303287,5032.3429432864,2751.25113429097
"153",153,6427.5550716641,3052.37735184615,3289.42484222561,3504.77338960908,4666.1141928979,2832.96541574687,4344.44201067081,4660.44749118457,4002.07301258587,3105.09830723623,5855.12925590352,3839.40381410613,4611.40000046596,4052.52967032898,4826.13059660547,3547.44413264486
"154",154,6427.5550716641,3052.37735184615,3289.42484222561,3504.77338960908,4666.1141928979,2832.96541574687,4344.44201067081,4660.44749118457,4002.07301258587,3105.09830723623,5855.12925590352,3839.40381410613,4611.40000046596,4052.52967032898,4826.13059660547,3547.44413264486
"155",155,6427.5550716641,3052.37735184615,3289.42484222561,3504.77338960908,4666.1141928979,2832.96541574687,4344.44201067081,4660.44749118457,4002.07301258587,3105.09830723623,5855.12925590352,3839.40381410613,4611.40000046596,4052.52967032898,4826.13059660547,3547.44413264486
"156",156,6427.5550716641,3052.37735184615,3289.42484222561,3504.77338960908,4666.1141928979,2832.96541574687,4344.44201067081,4660.44749118457,4002.07301258587,3105.09830723623,5855.12925590352,3839.40381410613,4611.40000046596,4052.52967032898,4826.13059660547,3547.44413264486
"157",157,6427.5550716641,3052.37735184615,3289.42484222561,3504.77338960908,4666.1141928979,2832.96541574687,4344.44201067081,4660.44749118457,4002.07301258587,3105.09830723623,5855.12925590352,3839.40381410613,4611.40000046596,4052.52967032898,4826.13059660547,3547.44413264486
"158",158,6427.5550716641,3052.37735184615,3289.42484222561,3504.77338960908,4666.1141928979,2832.96541574687,4344.44201067081,4660.44749118457,4002.07301258587,3105.09830723623,5855.12925590352,3839.40381410613,4611.40000046596,4052.52967032898,4826.13059660547,3547.44413264486
"159",159,6427.5550716641,3052.37735184615,3289.42484222561,3504.77338960908,4666.1141928979,2832.96541574687,4344.44201067081,4660.44749118457,4002.07301258587,3105.09830723623,5855.12925590352,3839.40381410613,4611.40000046596,4052.52967032898,4826.13059660547,3547.44413264486
"160",160,6427.5550716641,3052.37735184615,3289.42484222561,3504.77338960908,4666.1141928979,2832.96541574687,4344.44201067081,4660.44749118457,4002.07301258587,3105.09830723623,5855.12925590352,3839.40381410613,4611.40000046596,4052.52967032898,4826.13059660547,3547.44413264486
"161",161,5915.48925529478,3991.43723753916,5342.99324367352,4023.48352153515,NA,3037.9746835443,5199.85319866812,3568.654176274,NA,4585.96874491186,4475.17782186629,4812.7187830998,5651.80157952155,4450.32612799947,4819.7414655714,3408.58395072858
"162",162,5915.48925529478,3991.43723753916,5342.99324367352,4023.48352153515,NA,3037.9746835443,5199.85319866812,3568.654176274,NA,4585.96874491186,4475.17782186629,4812.7187830998,5651.80157952155,4450.32612799947,4819.7414655714,3408.58395072858
"163",163,5915.48925529478,3991.43723753916,5342.99324367352,4023.48352153515,NA,3037.9746835443,5199.85319866812,3568.654176274,NA,4585.96874491186,4475.17782186629,4812.7187830998,5651.80157952155,4450.32612799947,4819.7414655714,3408.58395072858
"164",164,5915.48925529478,3991.43723753916,5342.99324367352,4023.48352153515,NA,3037.9746835443,5199.85319866812,3568.654176274,NA,4585.96874491186,4475.17782186629,4812.7187830998,5651.80157952155,4450.32612799947,4819.7414655714,3408.58395072858
"165",165,5915.48925529478,3991.43723753916,5342.99324367352,4023.48352153515,NA,3037.9746835443,5199.85319866812,3568.654176274,NA,4585.96874491186,4475.17782186629,4812.7187830998,5651.80157952155,4450.32612799947,4819.7414655714,3408.58395072858
"166",166,5915.48925529478,3991.43723753916,5342.99324367352,4023.48352153515,NA,3037.9746835443,5199.85319866812,3568.654176274,NA,4585.96874491186,4475.17782186629,4812.7187830998,5651.80157952155,4450.32612799947,4819.7414655714,3408.58395072858
"167",167,5915.48925529478,3991.43723753916,5342.99324367352,4023.48352153515,NA,3037.9746835443,5199.85319866812,3568.654176274,NA,4585.96874491186,4475.17782186629,4812.7187830998,5651.80157952155,4450.32612799947,4819.7414655714,3408.58395072858
"168",168,5915.48925529478,3991.43723753916,5342.99324367352,4023.48352153515,NA,3037.9746835443,5199.85319866812,3568.654176274,NA,4585.96874491186,4475.17782186629,4812.7187830998,5651.80157952155,4450.32612799947,4819.7414655714,3408.58395072858
"169",169,NA,4440.64355315422,6339.88918419616,4352.08868272187,5527.95176301167,3573.02256384825,4305.96905947419,5000.81003848493,5541.38789190587,6520.39043038131,NA,6255.89680532963,4958.16092125571,5001.33237180173,5932.63877090732,4037.98481138083
"170",170,NA,4440.64355315422,6339.88918419616,4352.08868272187,5527.95176301167,3573.02256384825,4305.96905947419,5000.81003848493,5541.38789190587,6520.39043038131,NA,6255.89680532963,4958.16092125571,5001.33237180173,5932.63877090732,4037.98481138083
"171",171,NA,4440.64355315422,6339.88918419616,4352.08868272187,5527.95176301167,3573.02256384825,4305.96905947419,5000.81003848493,5541.38789190587,6520.39043038131,NA,6255.89680532963,4958.16092125571,5001.33237180173,5932.63877090732,4037.98481138083
"172",172,NA,4440.64355315422,6339.88918419616,4352.08868272187,5527.95176301167,3573.02256384825,4305.96905947419,5000.81003848493,5541.38789190587,6520.39043038131,NA,6255.89680532963,4958.16092125571,5001.33237180173,5932.63877090732,4037.98481138083
"173",173,NA,4440.64355315422,6339.88918419616,4352.08868272187,5527.95176301167,3573.02256384825,4305.96905947419,5000.81003848493,5541.38789190587,6520.39043038131,NA,6255.89680532963,4958.16092125571,5001.33237180173,5932.63877090732,4037.98481138083
"174",174,NA,4440.64355315422,6339.88918419616,4352.08868272187,5527.95176301167,3573.02256384825,4305.96905947419,5000.81003848493,5541.38789190587,6520.39043038131,NA,6255.89680532963,4958.16092125571,5001.33237180173,5932.63877090732,4037.98481138083
"175",175,NA,4440.64355315422,6339.88918419616,4352.08868272187,5527.95176301167,3573.02256384825,4305.96905947419,5000.81003848493,5541.38789190587,6520.39043038131,NA,6255.89680532963,4958.16092125571,5001.33237180173,5932.63877090732,4037.98481138083
"176",176,NA,4440.64355315422,6339.88918419616,4352.08868272187,5527.95176301167,3573.02256384825,4305.96905947419,5000.81003848493,5541.38789190587,6520.39043038131,NA,6255.89680532963,4958.16092125571,5001.33237180173,5932.63877090732,4037.98481138083
"177",177,NA,4788.59615327815,6913.26897703981,4306.0764663982,6335.10589610934,4740.34279866974,6445.99100127022,6193.11522925161,6474.34532152403,5594.88958170899,5830.88588637224,6615.61720443135,5168.97096919317,6725.38816647876,6777.86470446948,5464.86109505617
"178",178,NA,4788.59615327815,6913.26897703981,4306.0764663982,6335.10589610934,4740.34279866974,6445.99100127022,6193.11522925161,6474.34532152403,5594.88958170899,5830.88588637224,6615.61720443135,5168.97096919317,6725.38816647876,6777.86470446948,5464.86109505617
"179",179,NA,4788.59615327815,6913.26897703981,4306.0764663982,6335.10589610934,4740.34279866974,6445.99100127022,6193.11522925161,6474.34532152403,5594.88958170899,5830.88588637224,6615.61720443135,5168.97096919317,6725.38816647876,6777.86470446948,5464.86109505617
"180",180,NA,4788.59615327815,6913.26897703981,4306.0764663982,6335.10589610934,4740.34279866974,6445.99100127022,6193.11522925161,6474.34532152403,5594.88958170899,5830.88588637224,6615.61720443135,5168.97096919317,6725.38816647876,6777.86470446948,5464.86109505617
"181",181,NA,4788.59615327815,6913.26897703981,4306.0764663982,6335.10589610934,4740.34279866974,6445.99100127022,6193.11522925161,6474.34532152403,5594.88958170899,5830.88588637224,6615.61720443135,5168.97096919317,6725.38816647876,6777.86470446948,5464.86109505617
"182",182,NA,4788.59615327815,6913.26897703981,4306.0764663982,6335.10589610934,4740.34279866974,6445.99100127022,6193.11522925161,6474.34532152403,5594.88958170899,5830.88588637224,6615.61720443135,5168.97096919317,6725.38816647876,6777.86470446948,5464.86109505617
"183",183,NA,4788.59615327815,6913.26897703981,4306.0764663982,6335.10589610934,4740.34279866974,6445.99100127022,6193.11522925161,6474.34532152403,5594.88958170899,5830.88588637224,6615.61720443135,5168.97096919317,6725.38816647876,6777.86470446948,5464.86109505617
"184",184,NA,4788.59615327815,6913.26897703981,4306.0764663982,6335.10589610934,4740.34279866974,6445.99100127022,6193.11522925161,6474.34532152403,5594.88958170899,5830.88588637224,6615.61720443135,5168.97096919317,6725.38816647876,6777.86470446948,5464.86109505617
"185",185,6732.72500102388,7147.11510981752,8021.21021475511,5073.28102141243,6780.16626714958,6371.02557972747,5818.45204022131,7272.30327096727,8318.73444852361,7894.15587070813,7689.074194932,8311.07358101357,5508.99007833694,6616.70638430282,7716.91992514778,6936.2976472774
"186",186,6732.72500102388,7147.11510981752,8021.21021475511,5073.28102141243,6780.16626714958,6371.02557972747,5818.45204022131,7272.30327096727,8318.73444852361,7894.15587070813,7689.074194932,8311.07358101357,5508.99007833694,6616.70638430282,7716.91992514778,6936.2976472774
"187",187,6732.72500102388,7147.11510981752,8021.21021475511,5073.28102141243,6780.16626714958,6371.02557972747,5818.45204022131,7272.30327096727,8318.73444852361,7894.15587070813,7689.074194932,8311.07358101357,5508.99007833694,6616.70638430282,7716.91992514778,6936.2976472774
"188",188,6732.72500102388,7147.11510981752,8021.21021475511,5073.28102141243,6780.16626714958,6371.02557972747,5818.45204022131,7272.30327096727,8318.73444852361,7894.15587070813,7689.074194932,8311.07358101357,5508.99007833694,6616.70638430282,7716.91992514778,6936.2976472774
"189",189,6732.72500102388,7147.11510981752,8021.21021475511,5073.28102141243,6780.16626714958,6371.02557972747,5818.45204022131,7272.30327096727,8318.73444852361,7894.15587070813,7689.074194932,8311.07358101357,5508.99007833694,6616.70638430282,7716.91992514778,6936.2976472774
"190",190,6732.72500102388,7147.11510981752,8021.21021475511,5073.28102141243,6780.16626714958,6371.02557972747,5818.45204022131,7272.30327096727,8318.73444852361,7894.15587070813,7689.074194932,8311.07358101357,5508.99007833694,6616.70638430282,7716.91992514778,6936.2976472774
"191",191,6732.72500102388,7147.11510981752,8021.21021475511,5073.28102141243,6780.16626714958,6371.02557972747,5818.45204022131,7272.30327096727,8318.73444852361,7894.15587070813,7689.074194932,8311.07358101357,5508.99007833694,6616.70638430282,7716.91992514778,6936.2976472774
"192",192,6732.72500102388,7147.11510981752,8021.21021475511,5073.28102141243,6780.16626714958,6371.02557972747,5818.45204022131,7272.30327096727,8318.73444852361,7894.15587070813,7689.074194932,8311.07358101357,5508.99007833694,6616.70638430282,7716.91992514778,6936.2976472774
"193",193,7570.32687750988,7361.76465301119,8029.92892327941,7370.23856838206,7288.65959679426,7954.79482115427,6652.31380094446,6755.20668077049,8518.50726522201,8472.75317938898,8608.78578640147,8689.71918628329,6628.96519130993,7658.96330195076,7292.9150001005,7913.13924306488
"194",194,7570.32687750988,7361.76465301119,8029.92892327941,7370.23856838206,7288.65959679426,7954.79482115427,6652.31380094446,6755.20668077049,8518.50726522201,8472.75317938898,8608.78578640147,8689.71918628329,6628.96519130993,7658.96330195076,7292.9150001005,7913.13924306488
"195",195,7570.32687750988,7361.76465301119,8029.92892327941,7370.23856838206,7288.65959679426,7954.79482115427,6652.31380094446,6755.20668077049,8518.50726522201,8472.75317938898,8608.78578640147,8689.71918628329,6628.96519130993,7658.96330195076,7292.9150001005,7913.13924306488
"196",196,7570.32687750988,7361.76465301119,8029.92892327941,7370.23856838206,7288.65959679426,7954.79482115427,6652.31380094446,6755.20668077049,8518.50726522201,8472.75317938898,8608.78578640147,8689.71918628329,6628.96519130993,7658.96330195076,7292.9150001005,7913.13924306488
"197",197,7570.32687750988,7361.76465301119,8029.92892327941,7370.23856838206,7288.65959679426,7954.79482115427,6652.31380094446,6755.20668077049,8518.50726522201,8472.75317938898,8608.78578640147,8689.71918628329,6628.96519130993,7658.96330195076,7292.9150001005,7913.13924306488
"198",198,7570.32687750988,7361.76465301119,8029.92892327941,7370.23856838206,7288.65959679426,7954.79482115427,6652.31380094446,6755.20668077049,8518.50726522201,8472.75317938898,8608.78578640147,8689.71918628329,6628.96519130993,7658.96330195076,7292.9150001005,7913.13924306488
"199",199,7570.32687750988,7361.76465301119,8029.92892327941,7370.23856838206,7288.65959679426,7954.79482115427,6652.31380094446,6755.20668077049,8518.50726522201,8472.75317938898,8608.78578640147,8689.71918628329,6628.96519130993,7658.96330195076,7292.9150001005,7913.13924306488
"200",200,7570.32687750988,7361.76465301119,8029.92892327941,7370.23856838206,7288.65959679426,7954.79482115427,6652.31380094446,6755.20668077049,8518.50726522201,8472.75317938898,8608.78578640147,8689.71918628329,6628.96519130993,7658.96330195076,7292.9150001005,7913.13924306488
"201",201,8024.96379383189,8806.10852966146,8230.32487835282,7277.4904950272,7921.30342565618,9054.16329830234,8052.41057569132,7682.99483660834,8996.06688905134,8671.01364798732,8451.9135053869,8453.06714389684,6632.73442673652,8198.56202568373,8045.1603987236,8762.53344547827
"202",202,8024.96379383189,8806.10852966146,8230.32487835282,7277.4904950272,7921.30342565618,9054.16329830234,8052.41057569132,7682.99483660834,8996.06688905134,8671.01364798732,8451.9135053869,8453.06714389684,6632.73442673652,8198.56202568373,8045.1603987236,8762.53344547827
"203",203,8024.96379383189,8806.10852966146,8230.32487835282,7277.4904950272,7921.30342565618,9054.16329830234,8052.41057569132,7682.99483660834,8996.06688905134,8671.01364798732,8451.9135053869,8453.06714389684,6632.73442673652,8198.56202568373,8045.1603987236,8762.53344547827
"204",204,8024.96379383189,8806.10852966146,8230.32487835282,7277.4904950272,7921.30342565618,9054.16329830234,8052.41057569132,7682.99483660834,8996.06688905134,8671.01364798732,8451.9135053869,8453.06714389684,6632.73442673652,8198.56202568373,8045.1603987236,8762.53344547827
"205",205,8024.96379383189,8806.10852966146,8230.32487835282,7277.4904950272,7921.30342565618,9054.16329830234,8052.41057569132,7682.99483660834,8996.06688905134,8671.01364798732,8451.9135053869,8453.06714389684,6632.73442673652,8198.56202568373,8045.1603987236,8762.53344547827
"206",206,8024.96379383189,8806.10852966146,8230.32487835282,7277.4904950272,7921.30342565618,9054.16329830234,8052.41057569132,7682.99483660834,8996.06688905134,8671.01364798732,8451.9135053869,8453.06714389684,6632.73442673652,8198.56202568373,8045.1603987236,8762.53344547827
"207",207,8024.96379383189,8806.10852966146,8230.32487835282,7277.4904950272,7921.30342565618,9054.16329830234,8052.41057569132,7682.99483660834,8996.06688905134,8671.01364798732,8451.9135053869,8453.06714389684,6632.73442673652,8198.56202568373,8045.1603987236,8762.53344547827
"208",208,8024.96379383189,8806.10852966146,8230.32487835282,7277.4904950272,7921.30342565618,9054.16329830234,8052.41057569132,7682.99483660834,8996.06688905134,8671.01364798732,8451.9135053869,8453.06714389684,6632.73442673652,8198.56202568373,8045.1603987236,8762.53344547827
"209",209,8289.46674884075,8629.34588148921,7234.1282360685,7740.1696358002,7962.53668168466,9253.64198762722,NA,8828.555497116,8680.8671440193,8683.86227764119,8600.10418994405,8463.11473289087,NA,8538.7006264218,8614.14675508851,8896.1044673246
"210",210,8289.46674884075,8629.34588148921,7234.1282360685,7740.1696358002,7962.53668168466,9253.64198762722,NA,8828.555497116,8680.8671440193,8683.86227764119,8600.10418994405,8463.11473289087,NA,8538.7006264218,8614.14675508851,8896.1044673246
"211",211,8289.46674884075,8629.34588148921,7234.1282360685,7740.1696358002,7962.53668168466,9253.64198762722,NA,8828.555497116,8680.8671440193,8683.86227764119,8600.10418994405,8463.11473289087,NA,8538.7006264218,8614.14675508851,8896.1044673246
"212",212,8289.46674884075,8629.34588148921,7234.1282360685,7740.1696358002,7962.53668168466,9253.64198762722,NA,8828.555497116,8680.8671440193,8683.86227764119,8600.10418994405,8463.11473289087,NA,8538.7006264218,8614.14675508851,8896.1044673246
"213",213,8289.46674884075,8629.34588148921,7234.1282360685,7740.1696358002,7962.53668168466,9253.64198762722,NA,8828.555497116,8680.8671440193,8683.86227764119,8600.10418994405,8463.11473289087,NA,8538.7006264218,8614.14675508851,8896.1044673246
"214",214,8289.46674884075,8629.34588148921,7234.1282360685,7740.1696358002,7962.53668168466,9253.64198762722,NA,8828.555497116,8680.8671440193,8683.86227764119,8600.10418994405,8463.11473289087,NA,8538.7006264218,8614.14675508851,8896.1044673246
"215",215,8289.46674884075,8629.34588148921,7234.1282360685,7740.1696358002,7962.53668168466,9253.64198762722,NA,8828.555497116,8680.8671440193,8683.86227764119,8600.10418994405,8463.11473289087,NA,8538.7006264218,8614.14675508851,8896.1044673246
"216",216,8289.46674884075,8629.34588148921,7234.1282360685,7740.1696358002,7962.53668168466,9253.64198762722,NA,8828.555497116,8680.8671440193,8683.86227764119,8600.10418994405,8463.11473289087,NA,8538.7006264218,8614.14675508851,8896.1044673246
"217",217,7602.29993413598,8282.45819225333,7245.45507633138,8674.93301497563,8766.84557408215,9261.03455162772,8899.97185210517,8211.75440533084,8701.17903970352,9302.65651674494,8920.88115187197,8261.49543204396,8322.51852169337,NA,7816.21621621622,9109.26105758037
"218",218,7602.29993413598,8282.45819225333,7245.45507633138,8674.93301497563,8766.84557408215,9261.03455162772,8899.97185210517,8211.75440533084,8701.17903970352,9302.65651674494,8920.88115187197,8261.49543204396,8322.51852169337,NA,7816.21621621622,9109.26105758037
"219",219,7602.29993413598,8282.45819225333,7245.45507633138,8674.93301497563,8766.84557408215,9261.03455162772,8899.97185210517,8211.75440533084,8701.17903970352,9302.65651674494,8920.88115187197,8261.49543204396,8322.51852169337,NA,7816.21621621622,9109.26105758037
"220",220,7602.29993413598,8282.45819225333,7245.45507633138,8674.93301497563,8766.84557408215,9261.03455162772,8899.97185210517,8211.75440533084,8701.17903970352,9302.65651674494,8920.88115187197,8261.49543204396,8322.51852169337,NA,7816.21621621622,9109.26105758037
"221",221,7602.29993413598,8282.45819225333,7245.45507633138,8674.93301497563,8766.84557408215,9261.03455162772,8899.97185210517,8211.75440533084,8701.17903970352,9302.65651674494,8920.88115187197,8261.49543204396,8322.51852169337,NA,7816.21621621622,9109.26105758037
"222",222,7602.29993413598,8282.45819225333,7245.45507633138,8674.93301497563,8766.84557408215,9261.03455162772,8899.97185210517,8211.75440533084,8701.17903970352,9302.65651674494,8920.88115187197,8261.49543204396,8322.51852169337,NA,7816.21621621622,9109.26105758037
"223",223,7602.29993413598,8282.45819225333,7245.45507633138,8674.93301497563,8766.84557408215,9261.03455162772,8899.97185210517,8211.75440533084,8701.17903970352,9302.65651674494,8920.88115187197,8261.49543204396,8322.51852169337,NA,7816.21621621622,9109.26105758037
"224",224,7602.29993413598,8282.45819225333,7245.45507633138,8674.93301497563,8766.84557408215,9261.03455162772,8899.97185210517,8211.75440533084,8701.17903970352,9302.65651674494,8920.88115187197,8261.49543204396,8322.51852169337,NA,7816.21621621622,9109.26105758037
"225",225,7905.61627268138,8493.91155317818,6974.27737110304,8777.00368498051,8347.01431705074,9149.73040232269,8827.27423885551,8609.39522814306,8629.06470959425,9183.32008566649,8635.96416923081,7595.69234837407,8855.31839224552,8852.6895790495,8812.97327806737,9061.23694027639
"226",226,7905.61627268138,8493.91155317818,6974.27737110304,8777.00368498051,8347.01431705074,9149.73040232269,8827.27423885551,8609.39522814306,8629.06470959425,9183.32008566649,8635.96416923081,7595.69234837407,8855.31839224552,8852.6895790495,8812.97327806737,9061.23694027639
"227",227,7905.61627268138,8493.91155317818,6974.27737110304,8777.00368498051,8347.01431705074,9149.73040232269,8827.27423885551,8609.39522814306,8629.06470959425,9183.32008566649,8635.96416923081,7595.69234837407,8855.31839224552,8852.6895790495,8812.97327806737,9061.23694027639
"228",228,7905.61627268138,8493.91155317818,6974.27737110304,8777.00368498051,8347.01431705074,9149.73040232269,8827.27423885551,8609.39522814306,8629.06470959425,9183.32008566649,8635.96416923081,7595.69234837407,8855.31839224552,8852.6895790495,8812.97327806737,9061.23694027639
"229",229,7905.61627268138,8493.91155317818,6974.27737110304,8777.00368498051,8347.01431705074,9149.73040232269,8827.27423885551,8609.39522814306,8629.06470959425,9183.32008566649,8635.96416923081,7595.69234837407,8855.31839224552,8852.6895790495,8812.97327806737,9061.23694027639
"230",230,7905.61627268138,8493.91155317818,6974.27737110304,8777.00368498051,8347.01431705074,9149.73040232269,8827.27423885551,8609.39522814306,8629.06470959425,9183.32008566649,8635.96416923081,7595.69234837407,8855.31839224552,8852.6895790495,8812.97327806737,9061.23694027639
"231",231,7905.61627268138,8493.91155317818,6974.27737110304,8777.00368498051,8347.01431705074,9149.73040232269,8827.27423885551,8609.39522814306,8629.06470959425,9183.32008566649,8635.96416923081,7595.69234837407,8855.31839224552,8852.6895790495,8812.97327806737,9061.23694027639
"232",232,7905.61627268138,8493.91155317818,6974.27737110304,8777.00368498051,8347.01431705074,9149.73040232269,8827.27423885551,8609.39522814306,8629.06470959425,9183.32008566649,8635.96416923081,7595.69234837407,8855.31839224552,8852.6895790495,8812.97327806737,9061.23694027639
"233",233,8151.81703364169,9061.9889055127,6567.21187175289,8670.15411159537,8086.24857715573,NA,9026.504002668,8466.6314192874,8641.92807957154,9261.47641697314,8644.66967484175,7725.54026274215,8419.380847574,8664.9277204523,8986.62953229539,8982.2875233796
"234",234,8151.81703364169,9061.9889055127,6567.21187175289,8670.15411159537,8086.24857715573,NA,9026.504002668,8466.6314192874,8641.92807957154,9261.47641697314,8644.66967484175,7725.54026274215,8419.380847574,8664.9277204523,8986.62953229539,8982.2875233796
"235",235,8151.81703364169,9061.9889055127,6567.21187175289,8670.15411159537,8086.24857715573,NA,9026.504002668,8466.6314192874,8641.92807957154,9261.47641697314,8644.66967484175,7725.54026274215,8419.380847574,8664.9277204523,8986.62953229539,8982.2875233796
"236",236,8151.81703364169,9061.9889055127,6567.21187175289,8670.15411159537,8086.24857715573,NA,9026.504002668,8466.6314192874,8641.92807957154,9261.47641697314,8644.66967484175,7725.54026274215,8419.380847574,8664.9277204523,8986.62953229539,8982.2875233796
"237",237,8151.81703364169,9061.9889055127,6567.21187175289,8670.15411159537,8086.24857715573,NA,9026.504002668,8466.6314192874,8641.92807957154,9261.47641697314,8644.66967484175,7725.54026274215,8419.380847574,8664.9277204523,8986.62953229539,8982.2875233796
"238",238,8151.81703364169,9061.9889055127,6567.21187175289,8670.15411159537,8086.24857715573,NA,9026.504002668,8466.6314192874,8641.92807957154,9261.47641697314,8644.66967484175,7725.54026274215,8419.380847574,8664.9277204523,8986.62953229539,8982.2875233796
"239",239,8151.81703364169,9061.9889055127,6567.21187175289,8670.15411159537,8086.24857715573,NA,9026.504002668,8466.6314192874,8641.92807957154,9261.47641697314,8644.66967484175,7725.54026274215,8419.380847574,8664.9277204523,8986.62953229539,8982.2875233796
"240",240,8151.81703364169,9061.9889055127,6567.21187175289,8670.15411159537,8086.24857715573,NA,9026.504002668,8466.6314192874,8641.92807957154,9261.47641697314,8644.66967484175,7725.54026274215,8419.380847574,8664.9277204523,8986.62953229539,8982.2875233796
"241",241,8538.81603751004,8648.93532404406,6737.13604397518,8797.16284649081,8186.38496760295,9104.4776119403,8520.46524808101,7881.71308181426,8635.70204010314,8826.38191170321,8251.04315745423,7569.17762420111,8560.63567909596,8679.07892892925,8179.35375838749,8716.77224282291
"242",242,8538.81603751004,8648.93532404406,6737.13604397518,8797.16284649081,8186.38496760295,9104.4776119403,8520.46524808101,7881.71308181426,8635.70204010314,8826.38191170321,8251.04315745423,7569.17762420111,8560.63567909596,8679.07892892925,8179.35375838749,8716.77224282291
"243",243,8538.81603751004,8648.93532404406,6737.13604397518,8797.16284649081,8186.38496760295,9104.4776119403,8520.46524808101,7881.71308181426,8635.70204010314,8826.38191170321,8251.04315745423,7569.17762420111,8560.63567909596,8679.07892892925,8179.35375838749,8716.77224282291
"244",244,8538.81603751004,8648.93532404406,6737.13604397518,8797.16284649081,8186.38496760295,9104.4776119403,8520.46524808101,7881.71308181426,8635.70204010314,8826.38191170321,8251.04315745423,7569.17762420111,8560.63567909596,8679.07892892925,8179.35375838749,8716.77224282291
"245",245,8538.81603751004,8648.93532404406,6737.13604397518,8797.16284649081,8186.38496760295,9104.4776119403,8520.46524808101,7881.71308181426,8635.70204010314,8826.38191170321,8251.04315745423,7569.17762420111,8560.63567909596,8679.07892892925,8179.35375838749,8716.77224282291
"246",246,8538.81603751004,8648.93532404406,6737.13604397518,8797.16284649081,8186.38496760295,9104.4776119403,8520.46524808101,7881.71308181426,8635.70204010314,8826.38191170321,8251.04315745423,7569.17762420111,8560.63567909596,8679.07892892925,8179.35375838749,8716.77224282291
"247",247,8538.81603751004,8648.93532404406,6737.13604397518,8797.16284649081,8186.38496760295,9104.4776119403,8520.46524808101,7881.71308181426,8635.70204010314,8826.38191170321,8251.04315745423,7569.17762420111,8560.63567909596,8679.07892892925,8179.35375838749,8716.77224282291
"248",248,8538.81603751004,8648.93532404406,6737.13604397518,8797.16284649081,8186.38496760295,9104.4776119403,8520.46524808101,7881.71308181426,8635.70204010314,8826.38191170321,8251.04315745423,7569.17762420111,8560.63567909596,8679.07892892925,8179.35375838749,8716.77224282291
"249",249,7934.8825881489,8170.97637481417,5502.7196282598,8057.01236808775,7244.13804497199,8391.40916063993,8468.64665262015,NA,7974.44774823417,8205.84884802922,7914.45460635698,7332.26032162601,8686.18695827122,8365.52536573737,8016.15602047186,8756.36333957531
"250",250,7934.8825881489,8170.97637481417,5502.7196282598,8057.01236808775,7244.13804497199,8391.40916063993,8468.64665262015,NA,7974.44774823417,8205.84884802922,7914.45460635698,7332.26032162601,8686.18695827122,8365.52536573737,8016.15602047186,8756.36333957531
"251",251,7934.8825881489,8170.97637481417,5502.7196282598,8057.01236808775,7244.13804497199,8391.40916063993,8468.64665262015,NA,7974.44774823417,8205.84884802922,7914.45460635698,7332.26032162601,8686.18695827122,8365.52536573737,8016.15602047186,8756.36333957531
"252",252,7934.8825881489,8170.97637481417,5502.7196282598,8057.01236808775,7244.13804497199,8391.40916063993,8468.64665262015,NA,7974.44774823417,8205.84884802922,7914.45460635698,7332.26032162601,8686.18695827122,8365.52536573737,8016.15602047186,8756.36333957531
"253",253,7934.8825881489,8170.97637481417,5502.7196282598,8057.01236808775,7244.13804497199,8391.40916063993,8468.64665262015,NA,7974.44774823417,8205.84884802922,7914.45460635698,7332.26032162601,8686.18695827122,8365.52536573737,8016.15602047186,8756.36333957531
"254",254,7934.8825881489,8170.97637481417,5502.7196282598,8057.01236808775,7244.13804497199,8391.40916063993,8468.64665262015,NA,7974.44774823417,8205.84884802922,7914.45460635698,7332.26032162601,8686.18695827122,8365.52536573737,8016.15602047186,8756.36333957531
"255",255,7934.8825881489,8170.97637481417,5502.7196282598,8057.01236808775,7244.13804497199,8391.40916063993,8468.64665262015,NA,7974.44774823417,8205.84884802922,7914.45460635698,7332.26032162601,8686.18695827122,8365.52536573737,8016.15602047186,8756.36333957531
"256",256,7934.8825881489,8170.97637481417,5502.7196282598,8057.01236808775,7244.13804497199,8391.40916063993,8468.64665262015,NA,7974.44774823417,8205.84884802922,7914.45460635698,7332.26032162601,8686.18695827122,8365.52536573737,8016.15602047186,8756.36333957531
"257",257,7916.64732847773,7108.18595421484,5977.41531483672,7435.75729010078,5432.18764080782,6663.20166320166,6783.56406763151,6538.95900430966,5000.67543752391,4939.19179122473,7677.2225616003,4451.93891281093,7816.13062057516,7762.04245296397,8423.13351475625,7849.43959321478
"258",258,7916.64732847773,7108.18595421484,5977.41531483672,7435.75729010078,5432.18764080782,6663.20166320166,6783.56406763151,6538.95900430966,5000.67543752391,4939.19179122473,7677.2225616003,4451.93891281093,7816.13062057516,7762.04245296397,8423.13351475625,7849.43959321478
"259",259,7916.64732847773,7108.18595421484,5977.41531483672,7435.75729010078,5432.18764080782,6663.20166320166,6783.56406763151,6538.95900430966,5000.67543752391,4939.19179122473,7677.2225616003,4451.93891281093,7816.13062057516,7762.04245296397,8423.13351475625,7849.43959321478
"260",260,7916.64732847773,7108.18595421484,5977.41531483672,7435.75729010078,5432.18764080782,6663.20166320166,6783.56406763151,6538.95900430966,5000.67543752391,4939.19179122473,7677.2225616003,4451.93891281093,7816.13062057516,7762.04245296397,8423.13351475625,7849.43959321478
"261",261,7916.64732847773,7108.18595421484,5977.41531483672,7435.75729010078,5432.18764080782,6663.20166320166,6783.56406763151,6538.95900430966,5000.67543752391,4939.19179122473,7677.2225616003,4451.93891281093,7816.13062057516,7762.04245296397,8423.13351475625,7849.43959321478
"262",262,7916.64732847773,7108.18595421484,5977.41531483672,7435.75729010078,5432.18764080782,6663.20166320166,6783.56406763151,6538.95900430966,5000.67543752391,4939.19179122473,7677.2225616003,4451.93891281093,7816.13062057516,7762.04245296397,8423.13351475625,7849.43959321478
"263",263,7916.64732847773,7108.18595421484,5977.41531483672,7435.75729010078,5432.18764080782,6663.20166320166,6783.56406763151,6538.95900430966,5000.67543752391,4939.19179122473,7677.2225616003,4451.93891281093,7816.13062057516,7762.04245296397,8423.13351475625,7849.43959321478
"264",264,7916.64732847773,7108.18595421484,5977.41531483672,7435.75729010078,5432.18764080782,6663.20166320166,6783.56406763151,6538.95900430966,5000.67543752391,4939.19179122473,7677.2225616003,4451.93891281093,7816.13062057516,7762.04245296397,8423.13351475625,7849.43959321478
"265",265,6473.55004171713,4645.68174971641,5910.97283175137,6381.0396091823,4219.19695541712,4420.35815268615,5488.00608043984,5174.8002552395,5043.13037094875,2544.64710125129,6547.43301259245,4700.0303433948,6892.86548704519,5185.17665544673,5861.51556913735,6434.84075548653
"266",266,6473.55004171713,4645.68174971641,5910.97283175137,6381.0396091823,4219.19695541712,4420.35815268615,5488.00608043984,5174.8002552395,5043.13037094875,2544.64710125129,6547.43301259245,4700.0303433948,6892.86548704519,5185.17665544673,5861.51556913735,6434.84075548653
"267",267,6473.55004171713,4645.68174971641,5910.97283175137,6381.0396091823,4219.19695541712,4420.35815268615,5488.00608043984,5174.8002552395,5043.13037094875,2544.64710125129,6547.43301259245,4700.0303433948,6892.86548704519,5185.17665544673,5861.51556913735,6434.84075548653
"268",268,6473.55004171713,4645.68174971641,5910.97283175137,6381.0396091823,4219.19695541712,4420.35815268615,5488.00608043984,5174.8002552395,5043.13037094875,2544.64710125129,6547.43301259245,4700.0303433948,6892.86548704519,5185.17665544673,5861.51556913735,6434.84075548653
"269",269,6473.55004171713,4645.68174971641,5910.97283175137,6381.0396091823,4219.19695541712,4420.35815268615,5488.00608043984,5174.8002552395,5043.13037094875,2544.64710125129,6547.43301259245,4700.0303433948,6892.86548704519,5185.17665544673,5861.51556913735,6434.84075548653
"270",270,6473.55004171713,4645.68174971641,5910.97283175137,6381.0396091823,4219.19695541712,4420.35815268615,5488.00608043984,5174.8002552395,5043.13037094875,2544.64710125129,6547.43301259245,4700.0303433948,6892.86548704519,5185.17665544673,5861.51556913735,6434.84075548653
"271",271,6473.55004171713,4645.68174971641,5910.97283175137,6381.0396091823,4219.19695541712,4420.35815268615,5488.00608043984,5174.8002552395,5043.13037094875,2544.64710125129,6547.43301259245,4700.0303433948,6892.86548704519,5185.17665544673,5861.51556913735,6434.84075548653
"272",272,6473.55004171713,4645.68174971641,5910.97283175137,6381.0396091823,4219.19695541712,4420.35815268615,5488.00608043984,5174.8002552395,5043.13037094875,2544.64710125129,6547.43301259245,4700.0303433948,6892.86548704519,5185.17665544673,5861.51556913735,6434.84075548653
"273",273,6600.11026336678,4218.09314568616,4325.90213698886,4849.01310134612,3318.23159083575,2647.4278544542,4282.88007410265,4382.48136677319,3967.67551871987,2472.30932534748,5454.30170599295,3202.24158962273,5326.58744356352,4532.76519539959,5733.43491096086,5955.64902387663
"274",274,6600.11026336678,4218.09314568616,4325.90213698886,4849.01310134612,3318.23159083575,2647.4278544542,4282.88007410265,4382.48136677319,3967.67551871987,2472.30932534748,5454.30170599295,3202.24158962273,5326.58744356352,4532.76519539959,5733.43491096086,5955.64902387663
"275",275,6600.11026336678,4218.09314568616,4325.90213698886,4849.01310134612,3318.23159083575,2647.4278544542,4282.88007410265,4382.48136677319,3967.67551871987,2472.30932534748,5454.30170599295,3202.24158962273,5326.58744356352,4532.76519539959,5733.43491096086,5955.64902387663
"276",276,6600.11026336678,4218.09314568616,4325.90213698886,4849.01310134612,3318.23159083575,2647.4278544542,4282.88007410265,4382.48136677319,3967.67551871987,2472.30932534748,5454.30170599295,3202.24158962273,5326.58744356352,4532.76519539959,5733.43491096086,5955.64902387663
"277",277,6600.11026336678,4218.09314568616,4325.90213698886,4849.01310134612,3318.23159083575,2647.4278544542,4282.88007410265,4382.48136677319,3967.67551871987,2472.30932534748,5454.30170599295,3202.24158962273,5326.58744356352,4532.76519539959,5733.43491096086,5955.64902387663
"278",278,6600.11026336678,4218.09314568616,4325.90213698886,4849.01310134612,3318.23159083575,2647.4278544542,4282.88007410265,4382.48136677319,3967.67551871987,2472.30932534748,5454.30170599295,3202.24158962273,5326.58744356352,4532.76519539959,5733.43491096086,5955.64902387663
"279",279,6600.11026336678,4218.09314568616,4325.90213698886,4849.01310134612,3318.23159083575,2647.4278544542,4282.88007410265,4382.48136677319,3967.67551871987,2472.30932534748,5454.30170599295,3202.24158962273,5326.58744356352,4532.76519539959,5733.43491096086,5955.64902387663
"280",280,6600.11026336678,4218.09314568616,4325.90213698886,4849.01310134612,3318.23159083575,2647.4278544542,4282.88007410265,4382.48136677319,3967.67551871987,2472.30932534748,5454.30170599295,3202.24158962273,5326.58744356352,4532.76519539959,5733.43491096086,5955.64902387663
"281",281,5107.50016915502,3100.16246980586,4696.74988443938,3597.76814415011,3393.07352481095,2664.00188102516,3030.98344627625,3097.63322850122,3132.51887753644,2630.63972812286,4646.03663109328,NA,4823.47338963871,3852.03256664108,4803.44179848116,3696.96466091334
"282",282,5107.50016915502,3100.16246980586,4696.74988443938,3597.76814415011,3393.07352481095,2664.00188102516,3030.98344627625,3097.63322850122,3132.51887753644,2630.63972812286,4646.03663109328,NA,4823.47338963871,3852.03256664108,4803.44179848116,3696.96466091334
"283",283,5107.50016915502,3100.16246980586,4696.74988443938,3597.76814415011,3393.07352481095,2664.00188102516,3030.98344627625,3097.63322850122,3132.51887753644,2630.63972812286,4646.03663109328,NA,4823.47338963871,3852.03256664108,4803.44179848116,3696.96466091334
"284",284,5107.50016915502,3100.16246980586,4696.74988443938,3597.76814415011,3393.07352481095,2664.00188102516,3030.98344627625,3097.63322850122,3132.51887753644,2630.63972812286,4646.03663109328,NA,4823.47338963871,3852.03256664108,4803.44179848116,3696.96466091334
"285",285,5107.50016915502,3100.16246980586,4696.74988443938,3597.76814415011,3393.07352481095,2664.00188102516,3030.98344627625,3097.63322850122,3132.51887753644,2630.63972812286,4646.03663109328,NA,4823.47338963871,3852.03256664108,4803.44179848116,3696.96466091334
"286",286,5107.50016915502,3100.16246980586,4696.74988443938,3597.76814415011,3393.07352481095,2664.00188102516,3030.98344627625,3097.63322850122,3132.51887753644,2630.63972812286,4646.03663109328,NA,4823.47338963871,3852.03256664108,4803.44179848116,3696.96466091334
"287",287,5107.50016915502,3100.16246980586,4696.74988443938,3597.76814415011,3393.07352481095,2664.00188102516,3030.98344627625,3097.63322850122,3132.51887753644,2630.63972812286,4646.03663109328,NA,4823.47338963871,3852.03256664108,4803.44179848116,3696.96466091334
"288",288,5107.50016915502,3100.16246980586,4696.74988443938,3597.76814415011,3393.07352481095,2664.00188102516,3030.98344627625,3097.63322850122,3132.51887753644,2630.63972812286,4646.03663109328,NA,4823.47338963871,3852.03256664108,4803.44179848116,3696.96466091334
"289",289,4822.6219027273,3141.48464465577,3691.58978650665,NA,3254.78550969836,2414.86872887965,4225.52191595413,3015.27228011096,2975.89233469866,2707.61282228916,3929.92125908085,2548.33735235289,3619.22519163041,2859.26453190585,3176.35785260786,3522.73365237812
"290",290,4822.6219027273,3141.48464465577,3691.58978650665,NA,3254.78550969836,2414.86872887965,4225.52191595413,3015.27228011096,2975.89233469866,2707.61282228916,3929.92125908085,2548.33735235289,3619.22519163041,2859.26453190585,3176.35785260786,3522.73365237812
"291",291,4822.6219027273,3141.48464465577,3691.58978650665,NA,3254.78550969836,2414.86872887965,4225.52191595413,3015.27228011096,2975.89233469866,2707.61282228916,3929.92125908085,2548.33735235289,3619.22519163041,2859.26453190585,3176.35785260786,3522.73365237812
"292",292,4822.6219027273,3141.48464465577,3691.58978650665,NA,3254.78550969836,2414.86872887965,4225.52191595413,3015.27228011096,2975.89233469866,2707.61282228916,3929.92125908085,2548.33735235289,3619.22519163041,2859.26453190585,3176.35785260786,3522.73365237812
"293",293,4822.6219027273,3141.48464465577,3691.58978650665,NA,3254.78550969836,2414.86872887965,4225.52191595413,3015.27228011096,2975.89233469866,2707.61282228916,3929.92125908085,2548.33735235289,3619.22519163041,2859.26453190585,3176.35785260786,3522.73365237812
"294",294,4822.6219027273,3141.48464465577,3691.58978650665,NA,3254.78550969836,2414.86872887965,4225.52191595413,3015.27228011096,2975.89233469866,2707.61282228916,3929.92125908085,2548.33735235289,3619.22519163041,2859.26453190585,3176.35785260786,3522.73365237812
"295",295,4822.6219027273,3141.48464465577,3691.58978650665,NA,3254.78550969836,2414.86872887965,4225.52191595413,3015.27228011096,2975.89233469866,2707.61282228916,3929.92125908085,2548.33735235289,3619.22519163041,2859.26453190585,3176.35785260786,3522.73365237812
"296",296,4822.6219027273,3141.48464465577,3691.58978650665,NA,3254.78550969836,2414.86872887965,4225.52191595413,3015.27228011096,2975.89233469866,2707.61282228916,3929.92125908085,2548.33735235289,3619.22519163041,2859.26453190585,3176.35785260786,3522.73365237812
"297",297,4444.20460376156,2866.45343610353,2968.01755440507,2599.95423955592,3134.54566753761,NA,3010.7409022631,3141.5351839834,2436.53000000998,2418.34175158319,3304.0524395688,NA,NA,3298.36834094412,4375.15623742156,3201.56862909296
"298",298,4444.20460376156,2866.45343610353,2968.01755440507,2599.95423955592,3134.54566753761,NA,3010.7409022631,3141.5351839834,2436.53000000998,2418.34175158319,3304.0524395688,NA,NA,3298.36834094412,4375.15623742156,3201.56862909296
"299",299,4444.20460376156,2866.45343610353,2968.01755440507,2599.95423955592,3134.54566753761,NA,3010.7409022631,3141.5351839834,2436.53000000998,2418.34175158319,3304.0524395688,NA,NA,3298.36834094412,4375.15623742156,3201.56862909296
"300",300,4444.20460376156,2866.45343610353,2968.01755440507,2599.95423955592,3134.54566753761,NA,3010.7409022631,3141.5351839834,2436.53000000998,2418.34175158319,3304.0524395688,NA,NA,3298.36834094412,4375.15623742156,3201.56862909296
"301",301,4444.20460376156,2866.45343610353,2968.01755440507,2599.95423955592,3134.54566753761,NA,3010.7409022631,3141.5351839834,2436.53000000998,2418.34175158319,3304.0524395688,NA,NA,3298.36834094412,4375.15623742156,3201.56862909296
"302",302,4444.20460376156,2866.45343610353,2968.01755440507,2599.95423955592,3134.54566753761,NA,3010.7409022631,3141.5351839834,2436.53000000998,2418.34175158319,3304.0524395688,NA,NA,3298.36834094412,4375.15623742156,3201.56862909296
"303",303,4444.20460376156,2866.45343610353,2968.01755440507,2599.95423955592,3134.54566753761,NA,3010.7409022631,3141.5351839834,2436.53000000998,2418.34175158319,3304.0524395688,NA,NA,3298.36834094412,4375.15623742156,3201.56862909296
"304",304,4444.20460376156,2866.45343610353,2968.01755440507,2599.95423955592,3134.54566753761,NA,3010.7409022631,3141.5351839834,2436.53000000998,2418.34175158319,3304.0524395688,NA,NA,3298.36834094412,4375.15623742156,3201.56862909296
"305",305,3666.82619740975,2454.77329980093,NA,2232.16523675622,NA,2201.29032258065,2873.56507958332,2712.17463473494,2770.47956129146,2432.8987457092,3307.28568145254,2401.96412173306,2788.00552565852,2929.94785271934,3938.36995810078,3017.81050781191
"306",306,3666.82619740975,2454.77329980093,NA,2232.16523675622,NA,2201.29032258065,2873.56507958332,2712.17463473494,2770.47956129146,2432.8987457092,3307.28568145254,2401.96412173306,2788.00552565852,2929.94785271934,3938.36995810078,3017.81050781191
"307",307,3666.82619740975,2454.77329980093,NA,2232.16523675622,NA,2201.29032258065,2873.56507958332,2712.17463473494,2770.47956129146,2432.8987457092,3307.28568145254,2401.96412173306,2788.00552565852,2929.94785271934,3938.36995810078,3017.81050781191
"308",308,3666.82619740975,2454.77329980093,NA,2232.16523675622,NA,2201.29032258065,2873.56507958332,2712.17463473494,2770.47956129146,2432.8987457092,3307.28568145254,2401.96412173306,2788.00552565852,2929.94785271934,3938.36995810078,3017.81050781191
"309",309,3666.82619740975,2454.77329980093,NA,2232.16523675622,NA,2201.29032258065,2873.56507958332,2712.17463473494,2770.47956129146,2432.8987457092,3307.28568145254,2401.96412173306,2788.00552565852,2929.94785271934,3938.36995810078,3017.81050781191
"310",310,3666.82619740975,2454.77329980093,NA,2232.16523675622,NA,2201.29032258065,2873.56507958332,2712.17463473494,2770.47956129146,2432.8987457092,3307.28568145254,2401.96412173306,2788.00552565852,2929.94785271934,3938.36995810078,3017.81050781191
"311",311,3666.82619740975,2454.77329980093,NA,2232.16523675622,NA,2201.29032258065,2873.56507958332,2712.17463473494,2770.47956129146,2432.8987457092,3307.28568145254,2401.96412173306,2788.00552565852,2929.94785271934,3938.36995810078,3017.81050781191
"312",312,3666.82619740975,2454.77329980093,NA,2232.16523675622,NA,2201.29032258065,2873.56507958332,2712.17463473494,2770.47956129146,2432.8987457092,3307.28568145254,2401.96412173306,2788.00552565852,2929.94785271934,3938.36995810078,3017.81050781191
"313",313,3153.65503252011,2701.63894366509,2678.39195979899,2877.61592982686,2707.32857277871,2111.78614823815,2401.93146008062,3359.96003020593,NA,2367.43801063717,2806.53421785239,2438.39351917928,NA,NA,2904.70566593228,2404.51610059168
"314",314,3153.65503252011,2701.63894366509,2678.39195979899,2877.61592982686,2707.32857277871,2111.78614823815,2401.93146008062,3359.96003020593,NA,2367.43801063717,2806.53421785239,2438.39351917928,NA,NA,2904.70566593228,2404.51610059168
"315",315,3153.65503252011,2701.63894366509,2678.39195979899,2877.61592982686,2707.32857277871,2111.78614823815,2401.93146008062,3359.96003020593,NA,2367.43801063717,2806.53421785239,2438.39351917928,NA,NA,2904.70566593228,2404.51610059168
"316",316,3153.65503252011,2701.63894366509,2678.39195979899,2877.61592982686,2707.32857277871,2111.78614823815,2401.93146008062,3359.96003020593,NA,2367.43801063717,2806.53421785239,2438.39351917928,NA,NA,2904.70566593228,2404.51610059168
"317",317,3153.65503252011,2701.63894366509,2678.39195979899,2877.61592982686,2707.32857277871,2111.78614823815,2401.93146008062,3359.96003020593,NA,2367.43801063717,2806.53421785239,2438.39351917928,NA,NA,2904.70566593228,2404.51610059168
"318",318,3153.65503252011,2701.63894366509,2678.39195979899,2877.61592982686,2707.32857277871,2111.78614823815,2401.93146008062,3359.96003020593,NA,2367.43801063717,2806.53421785239,2438.39351917928,NA,NA,2904.70566593228,2404.51610059168
"319",319,3153.65503252011,2701.63894366509,2678.39195979899,2877.61592982686,2707.32857277871,2111.78614823815,2401.93146008062,3359.96003020593,NA,2367.43801063717,2806.53421785239,2438.39351917928,NA,NA,2904.70566593228,2404.51610059168
"320",320,3153.65503252011,2701.63894366509,2678.39195979899,2877.61592982686,2707.32857277871,2111.78614823815,2401.93146008062,3359.96003020593,NA,2367.43801063717,2806.53421785239,2438.39351917928,NA,NA,2904.70566593228,2404.51610059168
"321",321,3034.25984249604,2668.70469304654,2670.40362733835,2885.13726861316,3194.36612445514,2168.26798234225,2233.24374532532,2925.64261944612,NA,NA,2606.72199345114,2338.7020880185,NA,NA,2386.29419980394,2576.39834342293
"322",322,3034.25984249604,2668.70469304654,2670.40362733835,2885.13726861316,3194.36612445514,2168.26798234225,2233.24374532532,2925.64261944612,NA,NA,2606.72199345114,2338.7020880185,NA,NA,2386.29419980394,2576.39834342293
"323",323,3034.25984249604,2668.70469304654,2670.40362733835,2885.13726861316,3194.36612445514,2168.26798234225,2233.24374532532,2925.64261944612,NA,NA,2606.72199345114,2338.7020880185,NA,NA,2386.29419980394,2576.39834342293
"324",324,3034.25984249604,2668.70469304654,2670.40362733835,2885.13726861316,3194.36612445514,2168.26798234225,2233.24374532532,2925.64261944612,NA,NA,2606.72199345114,2338.7020880185,NA,NA,2386.29419980394,2576.39834342293
"325",325,3034.25984249604,2668.70469304654,2670.40362733835,2885.13726861316,3194.36612445514,2168.26798234225,2233.24374532532,2925.64261944612,NA,NA,2606.72199345114,2338.7020880185,NA,NA,2386.29419980394,2576.39834342293
"326",326,3034.25984249604,2668.70469304654,2670.40362733835,2885.13726861316,3194.36612445514,2168.26798234225,2233.24374532532,2925.64261944612,NA,NA,2606.72199345114,2338.7020880185,NA,NA,2386.29419980394,2576.39834342293
"327",327,3034.25984249604,2668.70469304654,2670.40362733835,2885.13726861316,3194.36612445514,2168.26798234225,2233.24374532532,2925.64261944612,NA,NA,2606.72199345114,2338.7020880185,NA,NA,2386.29419980394,2576.39834342293
"328",328,3034.25984249604,2668.70469304654,2670.40362733835,2885.13726861316,3194.36612445514,2168.26798234225,2233.24374532532,2925.64261944612,NA,NA,2606.72199345114,2338.7020880185,NA,NA,2386.29419980394,2576.39834342293
"329",329,3195.30086174538,2267.16355697839,2715.58679276323,NA,2768.62938866928,1953.26542840024,2571.99394862762,2550.52602204859,2172.77105301983,2374.38506134678,2543.80418683443,2544.08060453401,NA,2378.5141454196,NA,NA
"330",330,3195.30086174538,2267.16355697839,2715.58679276323,NA,2768.62938866928,1953.26542840024,2571.99394862762,2550.52602204859,2172.77105301983,2374.38506134678,2543.80418683443,2544.08060453401,NA,2378.5141454196,NA,NA
"331",331,3195.30086174538,2267.16355697839,2715.58679276323,NA,2768.62938866928,1953.26542840024,2571.99394862762,2550.52602204859,2172.77105301983,2374.38506134678,2543.80418683443,2544.08060453401,NA,2378.5141454196,NA,NA
"332",332,3195.30086174538,2267.16355697839,2715.58679276323,NA,2768.62938866928,1953.26542840024,2571.99394862762,2550.52602204859,2172.77105301983,2374.38506134678,2543.80418683443,2544.08060453401,NA,2378.5141454196,NA,NA
"333",333,3195.30086174538,2267.16355697839,2715.58679276323,NA,2768.62938866928,1953.26542840024,2571.99394862762,2550.52602204859,2172.77105301983,2374.38506134678,2543.80418683443,2544.08060453401,NA,2378.5141454196,NA,NA
"334",334,3195.30086174538,2267.16355697839,2715.58679276323,NA,2768.62938866928,1953.26542840024,2571.99394862762,2550.52602204859,2172.77105301983,2374.38506134678,2543.80418683443,2544.08060453401,NA,2378.5141454196,NA,NA
"335",335,3195.30086174538,2267.16355697839,2715.58679276323,NA,2768.62938866928,1953.26542840024,2571.99394862762,2550.52602204859,2172.77105301983,2374.38506134678,2543.80418683443,2544.08060453401,NA,2378.5141454196,NA,NA
"336",336,3195.30086174538,2267.16355697839,2715.58679276323,NA,2768.62938866928,1953.26542840024,2571.99394862762,2550.52602204859,2172.77105301983,2374.38506134678,2543.80418683443,2544.08060453401,NA,2378.5141454196,NA,NA
"337",337,2719.9024343281,2273.29416769628,NA,NA,NA,2093.53507565337,NA,2173.5509600204,1983.37544954694,2316.98522365679,NA,2641.70675151398,NA,2589.38137504903,2764.13102921713,2461.60223486354
"338",338,2719.9024343281,2273.29416769628,NA,NA,NA,2093.53507565337,NA,2173.5509600204,1983.37544954694,2316.98522365679,NA,2641.70675151398,NA,2589.38137504903,2764.13102921713,2461.60223486354
"339",339,2719.9024343281,2273.29416769628,NA,NA,NA,2093.53507565337,NA,2173.5509600204,1983.37544954694,2316.98522365679,NA,2641.70675151398,NA,2589.38137504903,2764.13102921713,2461.60223486354
"340",340,2719.9024343281,2273.29416769628,NA,NA,NA,2093.53507565337,NA,2173.5509600204,1983.37544954694,2316.98522365679,NA,2641.70675151398,NA,2589.38137504903,2764.13102921713,2461.60223486354
"341",341,2719.9024343281,2273.29416769628,NA,NA,NA,2093.53507565337,NA,2173.5509600204,1983.37544954694,2316.98522365679,NA,2641.70675151398,NA,2589.38137504903,2764.13102921713,2461.60223486354
"342",342,2719.9024343281,2273.29416769628,NA,NA,NA,2093.53507565337,NA,2173.5509600204,1983.37544954694,2316.98522365679,NA,2641.70675151398,NA,2589.38137504903,2764.13102921713,2461.60223486354
"343",343,2719.9024343281,2273.29416769628,NA,NA,NA,2093.53507565337,NA,2173.5509600204,1983.37544954694,2316.98522365679,NA,2641.70675151398,NA,2589.38137504903,2764.13102921713,2461.60223486354
"344",344,2719.9024343281,2273.29416769628,NA,NA,NA,2093.53507565337,NA,2173.5509600204,1983.37544954694,2316.98522365679,NA,2641.70675151398,NA,2589.38137504903,2764.13102921713,2461.60223486354
"345",345,2911.45556389602,2171.6994427727,NA,2113.05485990274,2676.55158252302,2073.40324118208,NA,2476.84219536834,NA,NA,2669.16605628657,2325.92001239193,NA,NA,3783.46098147237,2226.62527443117
"346",346,2911.45556389602,2171.6994427727,NA,2113.05485990274,2676.55158252302,2073.40324118208,NA,2476.84219536834,NA,NA,2669.16605628657,2325.92001239193,NA,NA,3783.46098147237,2226.62527443117
"347",347,2911.45556389602,2171.6994427727,NA,2113.05485990274,2676.55158252302,2073.40324118208,NA,2476.84219536834,NA,NA,2669.16605628657,2325.92001239193,NA,NA,3783.46098147237,2226.62527443117
"348",348,2911.45556389602,2171.6994427727,NA,2113.05485990274,2676.55158252302,2073.40324118208,NA,2476.84219536834,NA,NA,2669.16605628657,2325.92001239193,NA,NA,3783.46098147237,2226.62527443117
"349",349,2911.45556389602,2171.6994427727,NA,2113.05485990274,2676.55158252302,2073.40324118208,NA,2476.84219536834,NA,NA,2669.16605628657,2325.92001239193,NA,NA,3783.46098147237,2226.62527443117
"350",350,2911.45556389602,2171.6994427727,NA,2113.05485990274,2676.55158252302,2073.40324118208,NA,2476.84219536834,NA,NA,2669.16605628657,2325.92001239193,NA,NA,3783.46098147237,2226.62527443117
"351",351,2911.45556389602,2171.6994427727,NA,2113.05485990274,2676.55158252302,2073.40324118208,NA,2476.84219536834,NA,NA,2669.16605628657,2325.92001239193,NA,NA,3783.46098147237,2226.62527443117
"352",352,2911.45556389602,2171.6994427727,NA,2113.05485990274,2676.55158252302,2073.40324118208,NA,2476.84219536834,NA,NA,2669.16605628657,2325.92001239193,NA,NA,3783.46098147237,2226.62527443117
"353",353,2854.45456141535,2335.10167244375,NA,2187.94165735239,2243.5843548765,2065.87691418665,NA,NA,NA,NA,2309.86438171316,NA,2607.04663897941,2375.91633614879,3339.29581679707,NA
"354",354,2854.45456141535,2335.10167244375,NA,2187.94165735239,2243.5843548765,2065.87691418665,NA,NA,NA,NA,2309.86438171316,NA,2607.04663897941,2375.91633614879,3339.29581679707,NA
"355",355,2854.45456141535,2335.10167244375,NA,2187.94165735239,2243.5843548765,2065.87691418665,NA,NA,NA,NA,2309.86438171316,NA,2607.04663897941,2375.91633614879,3339.29581679707,NA
"356",356,2854.45456141535,2335.10167244375,NA,2187.94165735239,2243.5843548765,2065.87691418665,NA,NA,NA,NA,2309.86438171316,NA,2607.04663897941,2375.91633614879,3339.29581679707,NA
"357",357,2854.45456141535,2335.10167244375,NA,2187.94165735239,2243.5843548765,2065.87691418665,NA,NA,NA,NA,2309.86438171316,NA,2607.04663897941,2375.91633614879,3339.29581679707,NA
"358",358,2854.45456141535,2335.10167244375,NA,2187.94165735239,2243.5843548765,2065.87691418665,NA,NA,NA,NA,2309.86438171316,NA,2607.04663897941,2375.91633614879,3339.29581679707,NA
"359",359,2854.45456141535,2335.10167244375,NA,2187.94165735239,2243.5843548765,2065.87691418665,NA,NA,NA,NA,2309.86438171316,NA,2607.04663897941,2375.91633614879,3339.29581679707,NA
"360",360,2854.45456141535,2335.10167244375,NA,2187.94165735239,2243.5843548765,2065.87691418665,NA,NA,NA,NA,2309.86438171316,NA,2607.04663897941,2375.91633614879,3339.29581679707,NA
"361",361,NA,NA,NA,NA,NA,NA,NA,NA,NA,NA,NA,NA,NA,NA,NA,2300.73447704874
"362",362,NA,NA,NA,NA,NA,NA,NA,NA,NA,NA,NA,NA,NA,NA,NA,2300.73447704874
"363",363,NA,NA,NA,NA,NA,NA,NA,NA,NA,NA,NA,NA,NA,NA,NA,2300.73447704874
"364",364,NA,NA,NA,NA,NA,NA,NA,NA,NA,NA,NA,NA,NA,NA,NA,2300.73447704874
"365",365,NA,NA,NA,NA,NA,NA,NA,NA,NA,NA,NA,NA,NA,NA,NA,2300.73447704874
"366",366,NA,NA,NA,NA,NA,NA,NA,NA,NA,NA,NA,NA,NA,NA,NA,2300.73447704874
